user,text,sentiment
r*****8,"Kualitas Suara: baik
dari segi suara memang soso aja lah. tes dengan volume yang sama dicompare dgn soundcore, ini suaranya lebih kecil. bahkan volume 80% masih tergolong pelan suaranya, overall good 8/10 untuk harga segini karna masih bisa ketolong sedikit sama gimmick eq dari appnya. lumayan dpt di harga promo 120rb-an dan dpt bonus pouch. balik lagi ke baseus karna emang dulu awet sampe setahun lebih, semoga ini jg awet. thx seller",Positive
,"Kualitas Suara: jernih
Desain: modern
Daya Tahan: handal dan tahan lama
Terima kasih banyak ya barang sudah saya terima dengan baik dan aman ğŸ‘ğŸ» ğŸ‘ğŸ» ğŸ‘ğŸ» mantaaappp ğŸ‘ğŸ» ğŸ‘ğŸ» ğŸ‘ğŸ»",Positive
,"Kualitas Suara: PASSS BGT
Desain: cutesyyyyy
Fungsi: berfungsi dengan baik kanan kiri pas
YEY DATENG JUGAA, i'm soo excited ğŸ˜† alhamdulilah udah bisa semuanya gada rusak gada minus. good condition, terimakasih banyak ğŸ‘€ approve guys, cus check out sekarang jugaa!! ğŸ¤ğŸ˜µâ€ğŸ’«",Positive
,"Kualitas Suara: sangat memuaskan
Desain: elegan
Daya Tahan: lumayan
beli deh, bagus soal nya.
kemaren udah beli, eh ilang satu 
trus besok nya ilang duaÂ² nya.

yasudah.. mumpung dapat tehaer ğŸ˜‹ğŸ˜‹",Positive
,"Kualitas Suara: sangat enak lembut tdk keresek keresek dan gk bikin bising
Desain: simpel ok praktis bsa dibawa kemana mana ditas ok dikantong ok
Daya Tahan: tahan lama harusnya soalnya yg tipe e16 awet bgt
Barang bagus tws hrga ok tapi premium dan suara bagus dan praktis dibawa kemana mana
Tdk dibuat2 ya karena emg sebagus itu semua baseus bagus bagus",Positive
a*****4,"Kualitas Suara: jernih
Daya Tahan: mantap
Kualitas: memuaskan
klo produk baseus ga ush diragukan lagi, harganya affordable dan berkualitas.. semoga awet,, sellernya kereeenn pengirimannya cepet bgt 2 hari dr order sudah sampe aja ğŸ˜  thanks seller ğŸ™ next order lagi yaa",Positive
j*****a,"Kualitas Suara: bisa custom lewat apk
Desain: warna nya ga hijau gonjreng
kemakan sales (tmn sendiri) bagus bgt ternyata, nyaman juga ditelinga, beli ini karena yg lama ilang
tp nyambung ke bluetooth nya agk lama :'(",Positive
,"Kualitas Suara: jernih dan noise cancelnya top
Kualitas: terbaik dan terjangkau
Keseluruhan: ini beli yang kedua karna sebelumnya hilang, tapi pilihan jatuh ke tws ini lagii",Positive
z*****a,"Kualitas Suara: sangat memuaskan
Desain: lucu pinky
Daya Tahan: tahan lama
akhirnya dateng juga yang di tunggu"" hehe, makasi seller, semoga ttp amanah sllu seterusnya. suka bgt sama ini, direkomendasiin saudara & teman saya, cocok. saya sering pakai buat lari pagi, bikin tmbh semangat hehe.",Positive
,"Kualitas Suara: bass bagus, dan gede banget
Desain: simple
Daya Tahan: lama
Bagus dan bentuknya simple, dikasih kabel charger dan dikasih pengganti karetnya juga. Suara buat telfon l3bih jelas enak jernih",Positive
k*****6,"Kualitas Suara: sangat bagus
Desain: aesthetic
Fungsi: berfungsi dg baik
ketiga kalinya beli ini, yg ini buat cowo aku, alhamdulillah suka, jadi kita couplean, btw ini fotonya yg punya aku, krn uda lama bgt hihi, batreinya awett bgt, seminggu pun ga d charge masi adağŸ¤©",Positive
h*****u,"lucuu bangett mungil gampang dibawa kemanaÂ² ga menuhin tas, nyaman juga ditelinga, untuk kualitas suaranya menurutku sangat oke jernihh, tinggal dipakein case aja biar lebih lucuu, terimakasihh",Positive
a*****7,"Kualitas Suara: jenih bagus bass oke
Desain: lucu warna pink soft
Daya Tahan: yg sebelumnya udah pake 2 tahun masih aman
yg sebelumnya baseus encok wm01 udah pake 2 tahun masih aman dan enak tapi beli lagi warna pink versi bowie",Positive
r*****7,"Kualitas Suara: jernih
Desain: modern
Fungsi: berfungsi dengan baik
semoga buat tws yang ini awet soalnya aku udah beli beberapa kali dengan merk yang beda dan gampang rusakk, padahal tws itu penting bngt buat akuuu",Positive
,"Kualitas Suara: Cukup baik
Daya Tahan: Belum dicoba
Kualitas: cukup memuaskan
Harga affordable, build quality sesuai dengan harga.
Ukuran sangat compact, mudh dibawa2.",Positive
s*****a,"Kualitas Suara: suara jernih dan ga bikin sakit telinga
Desain: menarik
Fungsi: semua komponen bekerja dengan baik
Lucu banget mungilÂ² gituuuu dan juga dikasih 4 karet tambahan yg bisa disesuaikan dengan ukuran lubang telinga.",Positive
a*****y,"Kualitas Suara: sangat jernih dan bagus
Desain: menarik dengan detail yg apik
Daya Tahan: tahan lama dan sangat handal
baguss, apalagi yang warna hijau ini kaya warna mint, dapet stiker jugaaaa lucu deh. ga nyesel beli nya aslii kalo kalian mau beli harus pake proteksi elektronik ya gesss takut ada yang rusak jadi kalian ga rugiğŸ«¶ğŸ» thanks baseus",Positive
d*****a,"Kualitas Suara: kualitas suaranya bagus banget
Desain: mungil dan mudah di bawa kemana-mana
Daya Tahan: asli baterai nya tahan lama
Baru sampai kemarin, Alhamdulillah produk berfungsi dengan baik tanpa cacat. Kualitas suaranya juga oke, apalagi ditambah bisa diatur di aplikasi. Puas pokok e ğŸ‘",Positive
e*****1,"Kualitas Suara: suaranya jernih
Desain: lucuu dan menarik
Fungsi: berfungsi sesuai deskripsi
semoga awet",Positive
d*****2,"Kualitas Suara: Mengesankan suaranya bass
Desain: warnanya lucu
Daya Tahan: aku beli baseus wm01 dulu bisa bertahan 4 tahun dong, mantap walau kebanting terus ğŸ˜­
Beli lagi setelah baseus pertama aku udah ga berfungsi lagi, dari sekian banyaknya aku beli, yang ini paling lama sampe 4 tahun. Waktu pengemasan cepat, paket paling awal dari paket lain yang aku beli di hari yang sama. Suaranya jernih banget, nyaman dipake di telinga + ga sakit. Jatuh cinta jadi beli disini lagi heheâ¤ï¸",Positive
n*****a,"Kualitas Suara: sangat memuaskan
Desain: menarik dengan detail yang apik
Fungsi: barang bekerja dengan baik",Positive
e*****3,"Kualitas Suara: bass bagus, jernih
Desain: cool warna hitam
Daya Tahan: awet batrenya
Ini beli lagi baseus yg sama hanya beda warna, krn yg lama hilang, pas lepas helm lagi motoran sambil dengerin lagu 

Semoga kali inii ga ilang lagi, awet sampe tua ğŸ¤£",Positive
z*****f,"Kualitas Suara: belum di coba masih di cas
Kualitas: bagus sih aku udah coba punya temen
Keseluruhan: bagus dan memuaskan
aku udah nyoba punya temen aku, wm01 juga. bagus sih tahan lama banget. worth it ğŸ‘ğŸ‘",Positive
b*****p,"Kualitas Suara: sangat memuaskan
Desain: modern imut luchu
Fungsi: baguss
lucu banget warna nya soft, suaranya juga oke
thanks seller ğŸ¥‚ğŸ’… berkah selalu",Positive
e*****8,"Desain: lucu dan menarik
Dikemas dengan baik dan aman.
Kualitas suara oke dan cukup kedap.",Positive
,"Kualitas Suara: baik
Desain: rapih dan orii
Daya Tahan: lama
Ga nyangka sih bakal sesuai ekspetasi, bagus dan aman banget pengemasannya",Positive
n*****s,"Kualitas Suara: belum di coba
Desain: kecil, simpel, lucu ğŸ¤ğŸ»
Daya Tahan: belum di coba
Sesuai dengan pesanan, semoga awet lama. Terima kasih ğŸ«¶ğŸ»âœ¨",Positive
a*****.,"Kualitas Suara: sangat jernih dan bagus
Keseluruhan: produk yang bagus dan memuaskan
pengirimannya cepat banget",Positive
r*****i,"Kualitas Suara: sangat memuas kan
Desain: lucu dan menarik
Daya Tahan: tahan lama dan sangat handl
Paket sdh di terima dg baik,aman dan sesuai pesanan,seller gercef,kemarin pesan hari dah nyampe,sesuai ekspetasi tksh seller and shopee...",Positive
n*****a,"Kualitas Suara: bagus
Desain: lucu
Fungsi: baik
bagus cuma apa yaa bass nya tuh baru kerasa pas volume mendekati 100% apa aku yg salah setting ato gimana aku gatau, intinya bagus sihh dan lucu yah lumayanla aku dpt di harga 115rb an aja lgi diskon jdi oke bagus good quality thanks baseus. oiya ini pembelian tws ke 2 ku setelah kemaren beliin kado buat temen, eh ternyata aku juga kecantol",Positive
,"Kualitas Suara: ok
Desain: ok
Fungsi: ok
Ada kabel charge ya kawan, download diaplikasi baseus nya,ketika pair ng jgn lupa plastik yg menempel diperangkat di lepas krn mengganggu konektifitas.",Negative
,"Kualitas Suara: sangat puas
Desain: lucu, mungil, menarik
Fungsi: bekerja dengan baik
Lucu banget, mungil gtu, gemes deh. Anakku ampe stecu2ğŸ˜ğŸ¤­.. pengiriman aman. Btw thanks ya..",Positive
,"Kualitas Suara: bagussss
Kualitas: baikkkkk
Adminnyaa super ramah, kurirnya juga ramah. Semoga earphonenya bertahan lama, intinya bagus. Suaranya juga ga bocor, suka banget",Positive
g*****d,"Kualitas Suara: baguss
Desain: bagus
Daya Tahan: lamaa
ini pembelian ke 3 ku wkwk, yg pertama oke bngt tp hilang sebelah, yg ke 2 ez10 tp ada problem but its oke ujung2nya jg ilang sebelah, dn memutuskan untuk kembali ke wm01, bass nya nampoll, baterai juga awett banget, ini aja belum aku charger:)) thnkss",Neutral
b*****7,"Kualitas Suara: jernih
Desain: imut
Daya Tahan: belom di coba
Semoga awet, di kemas rapi dan aman, sesuai pilihan, semiga ga trobel aman",Positive
y*****n,"Kualitas Suara: bagus, jernis bass cakep
Desain: dulu cuma hitam putih, sekarang udah ada warna lain jd lucu
Daya Tahan: punya ku 2 udah masuk 2 taun, ini buat adek aku
Packingnya aman, prosesnya cepet jugaa pokoknye the best sii. Harga dan kualitas oke lah masuk banget!",Positive
k*****_,"Kualitas Suara: sangat jernih dan baguss
Desain: lucyuuuu warnaya pastell
Daya Tahan: tahan lama
Aku beli karena saudara ada yang punya udh 2thn masih bagusss(btw itu case nya belinya pisahya)",Positive
,"Bgus suara jernih dan juga bass nya kerasa walaupun gk yg ngebas banget, tpi untuk harga segini sudah termsuk oke banget sihğŸ˜ rekomended harga murah berkualitasğŸ‘",Positive
s*****9,"Kualitas Suara: jernih banget
Desain: compact dan portable
Daya Tahan: ampuh
cepet banget sampenya. Biasanya 3 hari lebih ini 2 hari udah sampe",Positive
,"Kualitas Suara: sangat mengesankan
Desain: menarik
Daya Tahan: tahan lama
Paket sudah sampai dengan aman. Barang sesuai dengan gambar dan pesanan. Sudah dicoba dan semua berfungsi baik - suara mantap. Maaf udah kupasang case pelindung (case pelindung beli di toko lain ya). Intinya puas banget!",Positive
,"Kualitas Suara: bass bagus
Desain: modern
Daya Tahan: tahan sedang diproses pencobaan
Lucu imut bentuk nya untuk ponakan main game, moga aj awet batre nya, rekomen deh untuk hrg sgtu barang nya bagus. Thanks seller",Positive
,"Kualitas Suara: Memiliki suara jernih dan bagus
Desain: lucu ga mengganjel saat pake helm
Fungsi: semua komponen berfungsi dengan baik",Positive
,"Kualitas Suara: Bagus
Desain: Mini Bagus
Daya Tahan: Tahan Baterainya
Barang sudah saya terima dalam keadaan tersegel. Barang bagus seperti kepunyaan saya yg pertama beli Baseus. Thx ya juragan !!! Wassallam",Positive
i*****_,"Kualitas Suara: bass bagusss
Desain: menarik
Fungsi: bekerja dengan baik sesuai deskripsi
sesua ekspektasi banget ğŸ˜ğŸ˜ğŸ˜ pengiriman juga cepet, amanah banget, semoga aweeet ğŸ¥° yang dikirim juga sesuai ğŸ˜ğŸ˜ğŸ˜",Positive
r*****1,"Desain: imupp spt diriku
Daya Tahan: lamaaa
keren sih ini, baterainya bener-bener awet. dari awal dateng sampe sekarang belum di cas sama sekali, suaranya juga oke banget. dapet harga diskon jadi 125 ribu ğŸ˜©ğŸ«¶ğŸ»",Positive
,Kecepatan pengemasan dan pengiriman sangat baik. Barang sampai dengan aman. Thanks! ğŸ¤,Positive
a*****5,"Kualitas Suara: bass bagus
Desain: kecil, bonus stiker nya juga lucu
Daya Tahan: semoga tahan lama
Aku udah cariÂ² earphone yg bagus dan akhirnya aku memutuskan buat beli baseus ini, karena katanya baterai tahan lama dan awet sampe 2 tahunan, dan setelah aku pake ternyata emang bagus, baterainya tahan lama, semoga awet 2 tahun lebih",Positive
,"Kualitas Suara: sangat jernih dan bagus
Desain: lucu dan menarik
Daya Tahan: tahan lama dan sangat handal",Positive
,"Kualitas Suara: bagus
Desain: bagus
Fungsi: baik
Barangnya sudah sampai sesuai dengan pesanan. Kualitas suaranya juga bagus. Packing aman dan rapi. Pengiriman juga cepat. Terimakasih",Positive
,"Kualitas Suara: sangat jernih, bas nya oke banget
Desain: lucu dan menarik
awet banget bisa seminggu ngga dicas",Positive
,"Kualitas Suara: jernih
Desain: lucu
pengemasan aman, barang lengkap, dapat stiker juga, warnanya gemesh pol. suaranya jernih dan bassnya oke, nyaman dipakai, minusnya cuma yang sisi kanan cepet banget habis baterai:(",Positive
n*****i,"Kualitas Suara: Suara jernih
Desain: Kecil sangat mudah di bawa kemana mana
Fungsi: Berfungsi dengan baik
Barangnya bagus, dapat stiker lucu di dalam boxnya",Positive
a*****i,"Kualitas Suara: bagus
Desain: menarik
Fungsi: bekerja dengan baik
suka banget warnanya dan suaranya bagus. semoga awet. lengkap",Positive
e*****a,"Kualitas Suara: memuaskan
Desain: menarik dan cantik
Daya Tahan: tahan lama
suara epic, kurang ngebass, tapi yang bikin kaget awet banget, bisa pemakaian 5 jam lebih, good job!ğŸ‘ğŸ»",Positive
,"Berfungsi dengan baik, packagingnya mini dan ringan jadi enak dibawa kemana aja",Positive
,bagus sesuai dengan pesanan semuanya yang dipesan sangat sesuai dengan yang di harapkan twsnya juga bagus ada pilihan budsnya juga,Positive
r*****f,"Kualitas Suara: bagus
beli tws ini lagi soalnya yg sebelumnya ilang sebelah, ternyata udh rebranding dan ganti nama jadi baseus bowie, tadinya mau beli warna kuning lagi tapi ternyata yg sekarang variasi warnanya lebih sedikit, jujur aja packaging produknya lebih bagus yang sebelumnya soalnya lebih kokoh gt dan kerasa lebih premium, isinya sama aja sih sebenernya dapet stiker juga, cuma yg dulu isinya lebih dikit ada 4 stiker dan lebih polos dibanding yg sekarang

pas dicobain sih sama aja ya suaranya cuma pas hari pertama make tws yg kiri agak bermasalah gt suaranya kaya ga keluar bbrp kali, tp udh aman sih dan semoga kedepannya gaad masalah sm tws nya",Positive
,"Kualitas Suara: mantap
Desain: keren
Daya Tahan: tahan lama
suara mantap, desain dan tampilan keren 
lucuuu",Positive
c*****6,"Kualitas Suara: mantapp
Desain: simple elegan
Fungsi: berfungsi dengan baik
Kedua kalinya beli produk baseus karena kualitas bass dan suaranya favorite bgt, beli lagi karena yang sebelumnya ilang entah kemana wk :â€)",Positive
j*****l,"Kualitas Suara: MANTAP
Desain: Lucu imut
Daya Tahan: Tahan lama
Barangnya datang dengan packingan yang baik dan rapi, ya pokoknya mantap deh baseus mah, bas nya nampol",Positive
m*****j,"Kualitas Suara: bagus jernih
Kualitas: baik
Keseluruhan: bagus dan memuaskan
oke banget, bisa digunakan dengan baik",Positive
j*****e,"Kualitas Suara: Bagus & Cukup Jenih
Desain: Simple & Menarik
Yeay +
â— Harga terjangkau
â— Kualitas Baik
â— Warna menarik
â— Batre awet dan tahan lama
â— Ringan dan gampang di bawa",Positive
m*****a,"Kualitas Suara: jernih
Desain: menarik
Daya Tahan: semoga tahan lama
Packingnya rapi, aman. Semoga awet deh",Positive
,"Kualitas Suara: jernih bgt
Desain: bagus, mungil lucu bgt pinkyy
Fungsi: overall oke sih",Positive
,"Kualitas Suara: jernih dan bagus
Desain: mungil
Daya Tahan: tahan lama
Desain unik dan suara jernih",Positive
f*****_,"Kualitas Suara: suara jernih & ngebass
Desain: classic & keren
Fungsi: berkeja dengan baik",Positive
,"Kualitas Suara: bass mantap bisa di atur di apk
Desain: mini pas di telinga
Fungsi: berfungsi dengan baik sesuai deskripsi
Baru kali ini punya tws bagus batre tahan lama, bass mantap bisa diatur sesuka hati pakai apk khusus baseus. Pokoknya mantap lahh ğŸ˜ğŸ˜ğŸ˜",Positive
a*****8,Berfungsi dengan Sa Gat baik. Udh teruji sejak punya tmnku. Lucu banget warna pink nya kayak kue,Positive
d*****i,"Desain: bagus, keren, lucu, cantik.
Daya Tahan: awet, tahan lama semoga awet yaaa..
Kualitas Suara: mantap dan jernih
Lucu banget barang datang sesuai pesanan warna nya cantik lucu banget semoga awet ya..",Positive
r*****w,"Kualitas Suara: Mantap ngebass
Desain: Simple
Daya Tahan: Lama
Ini TWS keduaku dari BaseusğŸ’– yang pertama masih bagus udah setahun dan awet bgt seminggu gak di cas juga masih nyala. Semoga yg ini juga sama awetnya dan lebih bagus karna udh upgrade.",Positive
,"Kualitas Suara: okee bgt
Desain: compact, kecil
Daya Tahan: baterai okee
SURPRISINGLY DIA WORTH THE VIRALL, desainya compact cantik,
 eartipnya juga pas bgt di akuu kalo make ini hrs bnr2 mastiin gabakl di panggil2 soalnya dia rada kedap suara kwkw semoga awet",Positive
,"Kualitas Suara: jernih
Desain: lucu
Daya Tahan: handal
Pengiriman barang cepat 
Respon penjual ramah 
Pengiriman barang cepat",Positive
m*****p,"Kualitas Suara: Lumayan
Desain: Bagus
Daya Tahan: Tahan lama
Untuk suara lumayan hanya kurang keras dengan harga segini bagus. Desain menarik, kecil, dan simpel. Pilihan warna juga banyak. Dalam satu dus ada TWS, kabel type C, dan dua pasang buds. Pengiriman cepat serta pengemasan aman dengan bubble wrap tebal.",Positive
,"Kualitas Suara: lumayann
Desain: lucuu mungill
Lucuu bgt twsnyaaağŸ¥°sblmnya pake blackshark punya suamii cumaa kurang sukaa,trs beli baseus karna enakk bgt buat running g gampang jatohhhğŸ¥°",Positive
,"Kualitas Suara: bagus
Fungsi: dapat digunakan
bagus banget",Positive
u*****_,"Kualitas Suara: jernih
Desain: minimalis
Fungsi: bagus
Batre hemat mudah terkoneksi dan tidak sakit kalo dipake lama",Positive
v*****a,"Kualitas Suara: ok
Desain: ok
Daya Tahan: ok
Terima kasih banyak atas packagingnya super aman dan barang sudah sampai dengan lengkap dan sesuai dengan ekspektasi saya.",Positive
q*****h,"Kualitas Suara: jernih
Desain: lucuu warna pinknya soft
Daya Tahan: baseus tahan lama bgt kmrn setahun lebih pemakaian aman aman aja, beli lagi karena hilang satu ğŸ™‚",Positive
,"Kualitas Suara: suara jernih
Desain: cute
Fungsi: so far bagus semua
buagus poll dari segi design, kalo ketemu orang sll dipuji soalnya warnanya cantik... 
tapi kadang suara suka delay",Positive
a*****a,"Kualitas Suara: sangat memuaskan
Desain: lucu dan menarik
Daya Tahan: belum tau
Nyaman dipakai, suaranya juga okee, warna pinknya lucu parahhh ğŸ©·ğŸ©·ğŸ©·",Positive
f*****y,"Kualitas Suara: bagus, jernih
Desain: lucu
Daya Tahan: tahan lama
pengiriman cepat, packaging bagus, rekomendasi dr teman kualitas bagus",Positive
,"Magnetnya kuat, tampilan cakep, cuma suaranya aja kurang jernih sama suaranya kurang kedengeran padahal volume udah gede. Overall 8.5/10",Positive
,"Kualitas Suara: oke
Desain: imut
Daya Tahan: semoga awet
Rekom dari yg udah pake duluan..lumayan lah suaranya..sesuai harga..design imut, warna lucu...semoga awet..makasih",Positive
h*****i,"Kualitas Suara: bagus ngebass
Desain: lucuu ringkas
Daya Tahan: baterai awet
kualitas bagus suara jernih ketahanan baterai juga lama",Positive
p*****a,"Kualitas Suara: suara jernih
Desain: bagus
Fungsi: berfungsi baik
warnanya bagus, desainnya lucu. berfungsi dengan baik",Positive
z*****h,"Kualitas Suara: bagus
Desain: lucuu
Daya Tahan: tahan lama
baguss desainnya lucu, ga sakit di telinga meskipun pakennya lama, suaranya bagus, kalo dipake buat video tiktok memang agak sedikit delay sih tapi ga masalah, sekali cas bisa tahan sampe 4 hari kalo seharinya dipake selama -+ 8 jam",Positive
y*****i,"Kualitas Suara: belum dicoba, semoga awet
Desain: lucu dan sesuai gambar
Daya Tahan: semoga awet",Positive
s*****i,"Kualitas Suara: bagus
Desain: elegan
Daya Tahan: good
Alhamdulillah paket udah sampai dengan selamat, semoga bertahan lama agar kembali berlangganan disini",Positive
l*****h,"Kualitas Suara: baik
Desain: lucu
Daya Tahan: mantap
thanks. berfungsi dengan baik. ngebass juga ko (aku ga terllau ngerti perheadsetan). semoga awet",Positive
,"Kualitas Suara: bagus
Desain: kecil, terus nyaman dipake juga
Daya Tahan: awet
di konten orang orang sih awet nya awet BGT ya, cuman udh beberapa hari kupake mayan cepet juga habis nya, TAPI JUJUR BAGUS SI HEHE",Positive
,"Kualitas Suara: Suara sangat jelas & jernih
Desain: sangat menarik
Daya Tahan: sudah berapa kali pakai brand ini dan kualitas sangat bagus",Positive
,"Desain: keren dan modern
Daya Tahan: tahan lamaa
Kualitas Suara: sangat memuaskan
barangnya oke dan sesuai, suara mantap, warnanya ungu, lucuu, semoga tahan lama dan awet",Positive
m*****j,"Kualitas Suara: 100
Desain: 100
Daya Tahan: 100
bagus banget produknya udah kali beli di sini dan selalu memuaskan konsumen suka banget di sini murah trus juga ori buat kalian yang masih ragu boleh langsung pesen aja ga usah ragu lagi debes pokoknya top markotop",Positive
k*****p,"Kualitas Suara: sangat sesuai
Desain: sesuai dengan foto
Daya Tahan: tahan lama
Barang sesuai dengan foto, suaranya jernih, tahan beberapa hari walaupun belum di cas",Positive
r*****_,"Kualitas Suara: jernih tapi kalo aku kurang besar suaranya
Desain: kecil, lucu, elegant
Fungsi: berfungsi baik
worthh itt, tidak mengecewakann belii iniiğŸ˜ğŸ«¶ğŸ»",Positive
_*****3,"Kualitas Suara: jernih dan jelas
Desain: minimalis
Daya Tahan: tahan lama
Tidak nge bass tp suaranya jernih dan jelas. Pesanannya sesuai gambar dan bagus",Positive
s*****_,"Kualitas Suara: bass nya enak banget
Desain: lucu, mungil dan menarik
Daya Tahan: tahan lama dan sangat handal
Terimakasih kak, paketnya sudah sampai. Dan sangat rekomend buat yang mau beli, nggak bakalan nyesalğŸ’•",Positive
a*****1,"Kualitas Suara: Jernih
Desain: keren
Fungsi: Berfungsi dengan baik",Positive
,"Kualitas Suara: suara jernih
Desain: bagus simple
Fungsi: berfungsi dg baik
Suka banget dg produk ini. Simple dan lucu.",Positive
,"Kualitas Suara: oke
Desain: menarik
Daya Tahan: belum dicoba
Terimakasih seller, sempet bingung konek in ke hape, ternyata segel plastik nya belum dibuka..",Negative
,"Kualitas Suara: enak
Desain: menarik
Daya Tahan: lama
Suara kurang ngebass jadi klo buat dengerin lagu b aja. Cuman klo buat meeting enak banget, suara jelas banget",Positive
a*****h,"Kualitas Suara: Baik
Desain: Menarik
Daya Tahan: Baik
Bass ny bagus bgt terus batre nya bener bener awet ğŸ˜­ semoga jangka pemakaian nya lama juga semoga awet",Positive
,"Kualitas Suara: biasa
Desain: imut dan lucu
Daya Tahan: kurang tau baru datang
Menurut q sih bass nya kurang. Tpi brang dtang tidak cacat . Bagus modelnya imut. Q suka",Positive
f*****4,"Kualitas Suara: belum dicoba
Kualitas: sangat memuaskan
Keseluruhan: pengirimannya sangat cepat, barang sampai dengan selamat dan tanpa ada kecacatan produk",Positive
e*****a,"Kualitas Suara: bagus
Desain: iih imutt lucu pink gemes
Daya Tahan: belum dicoba
baguss kayaknya",Positive
d*****r,"Kualitas Suara: suara jernih
Desain: desainnya matte
Daya Tahan: ini beli yg ketiga kalo merk baseus. Udh dibandingkan wm02 lbh suka yng ini.",Positive
n*****9,"Kualitas Suara: manyapppp
Desain: kerrn
Daya Tahan: sejauh ini aman
Dapat stiker lucu buat ditempel tempel, type c",Negative
s*****8,"Kualitas Suara: jernih
Desain: lucu
Daya Tahan: belum dicoba dipakai lama
kualitas suara jernih 
buat call juga jelas, meskipun pakai jilbab suara tetap jernih 
lebih praktis krna bisa disambung ke handphone",Positive
q*****a,MAKASIHH... PAKETNYA CEPET BGT ASELI DATENGNYA N KUALITAS BASEUS GAUSAH DIRAGUIN LAGII,Positive
i*****i,"Kualitas Suara: jernih
Desain: kecil, lucu, pas di kuping. ga gampang jatoh
Daya Tahan: tahan lama banget
Worth the money! Saran: atur output suara di aplikasinya biar lebih oke.",Positive
i*****o,"Kualitas Suara: BAGUS BGT
Desain: simple
Daya Tahan: AWET BANGET BANGET
Kemarin punya saya hilang jadi beli baru, worth it banget",Positive
,"Kualitas Suara: bagus
Desain: keren
Daya Tahan: tahan lama
Baiklah bagus. Terima kasihğŸ™ nyaman dipakai.  Baseus terbaik.",Positive
,"Kualitas Suara: baik dan jernih
Desain: modern
Fungsi: sesuai deskripsi, oke banget
Terima kasih ya seller, produk original, pengiriman juga cepat.",Positive
s*****n,"Kualitas Suara: baik
Desain: simpel
Fungsi: baik
Hadiah buat papa aku, papa pakai trus sangking sukanya. Sebelumnya beli buat aku sendiri makanya repurchase buat kasih ke papa",Positive
,"Kualitas Suara: gak tau, mungkin karena masi baru atau emang saya masi gak tau pemakaiannya jadi suaranya kurang kenceng, tapi bas nya lumayan
Desain: bagus kayak kue bugisğŸ¤¤
Fungsi: baik",Positive
d*****_,"Kualitas Suara: kenceng
Desain: agak kegedean
Daya Tahan: baterai awet di charge juga cepet
overall suka banget cuma kadang reconnecting sendiri sama kegedean aja jadi kalo buat tidur ganjel",Positive
,"Kualitas Suara: jernih
Desain: imut
Daya Tahan: katanya tahan lama sih, belum dites",Positive
,"Kualitas Suara: Agak kecil tapi masih oke
Desain: agak sulit dibuka dan engsel rapuh
Fungsi: Oke banget tws dengan harga segini",Positive
m*****a,"Kualitas Suara: yang dihasilkan jernih dan memuaskan
Desain: lucu dan menarik
Daya Tahan: tahan lama
mantap produk ori berfungsi dengan baik",Positive
n*****6,"Kualitas Suara: belum dicoba
Desain: imoett
Fungsi: semoga baik
imut kecil sekalii jadi gampang dibawa kemana manaa, belum di coba baru sampai masih di cas, semoga sesuai ekspektasi",Positive
,"Kualitas Suara: bagus
Desain: bagus
Daya Tahan: belum sampe sebulan udah mati sebelah gimana nih, ga sesuai review orang2",Neutral
s*****e,"Kualitas Suara: bagus
Desain: lucu
Daya Tahan: awet
kedua kali nya beli, yang pertama taun 2022 baru rusak kemaren akhirnya beli lagi
selalu suka",Positive
f*****u,"Kualitas Suara: jernih bagus
Desain: lucu
Fungsi: aman
untuk suaranya aman jernih dan bagus terus ukurannya juga pas di telinga akuu",Positive
t*****5,"Kualitas Suara: jernih
Desain: simple
Daya Tahan: tahan lamaa
Sudah 2 bulan pemakaian, belum pernah di charge dan baterainya masi 90% an, mantap sekali ğŸ‘ğŸ»",Positive
s*****n,"Kualitas produk bagus, warna bagus, kualitas suara bagus, tahan lama, packaging aman. Mantap ğŸ‘",Positive
,"Kualitas Suara: bagus
Desain: sesuai gambar
Daya Tahan: dicoba dulu ya beberapa waktu
Untuk sekarang mantap aman ğŸ‘",Positive
d*****0,"Kualitas Suara: sangat jernih dan bagus
Desain: imut kecil banget
Fungsi: bekerja dengan baik sesuai deskripsi
pengiriman cepat sekali",Positive
c*****a,"Kualitas Suara: pembelian kedua, suara masih sama enaknya
Desain: desain compact simple
Daya Tahan: selama pakai baseus awet
salah satu earbuds yang saya suka karna modelnya tidak gedhe.
tapi untuk bass memang kurang begitu deep untuk saya.

tapi dari segi kenyamanan memang nyaman dan gak mudah copot dari telinga saat aktifitas",Positive
,"Suara bagus, packing oke, mantaps dapat harga promo. Maaf baru sempet kasih ulasan",Positive
,"Kualitas Suara: BAGUSS BANGETT
Desain: LUCUUUU
Daya Tahan: batree nya awett, udah testimoni dari temen temen jugaa, kecill gampang dibawa kemana manaaa",Positive
d*****1,"Kualitas Suara: bagus
Desain: menarik
Daya Tahan: tahan lama
Baseus kualitas bagus dan daya tahan bagus.",Positive
a*****_,"Kualitas Suara: sangat memuaskan
Desain: kereenn semoga awet karena ini pembelian ketiga soalnya ga sengaja ngilangin cangkangnya",Positive
,"Kualitas Suara: yang di hasilkan jernih
Desain: menarik dan lucu
Daya Tahan: tahan",Positive
a*****4,"Kualitas Suara: Bassnya memuaskan
Desain: Lucu kicik
Daya Tahan: Tahan lama
Warna pinkeunya gemash",Positive
n*****p,"Kualitas Suara: ok
Desain: menarik
Fungsi: ok
awalnya mau beli warna pink tp yg ada cm putih gapapa baguss bgttt warna putih",Positive
,"Kualitas Suara: belum di pakai tapi biasanya suaranya bagus
Desain: menarik dan imut
Daya Tahan: belum teruji
Pesanan datang sesuai ekspektasi",Positive
m*****s,"bagus banget for the price yang terjangkau, super worth it. suaranya bagus, baterainya tahan lama, dan charging cepet ğŸŒŸ",Positive
,"Bagus, jernih, imut, pink, mantap, pengiriman cepat, sampe dengan selamat",Positive
s*****0,"Kualitas Suara: bagus
Desain: imut
Daya Tahan: kecil
Hamdalah sampai, semoga bisa menemani masa"" sulit saya saat ini. Semoga awet kayak baseus encok headphone saya. 
Terima kasih seller. Belum bisa coba karena dicharge dulus",Positive
i*****5,"Kualitas Suara: bisa di atur di aplikasi baseus
Desain: nyaman, ga sakit di telingaa
Fungsi: baik",Positive
,"Kualitas Suara: suaranyaa bass dan bagus
Desain: desainnya lucu kecil mudah disimpan
Daya Tahan: batrenyaa aweet bangett
baguss banget semua semuanyaa",Positive
,"Kualitas Suara: suara jernih keren bagus ngebass
Desain: estetik minimalist sukaa
Daya Tahan: insyaallah awet",Positive
,"Kualitas Suara: sangat memuaskan
Desain: minimalis
Daya Tahan: hemat banget batrenya sukaaa, worth it suaranya jelas cuma minus kurang ngebass aja tapi overall so goodd <3",Positive
,"Kualitas Suara: bagus bgtt
Desain: menarik
Daya Tahan: tahan lama
Suka banget sama barangnya, dapet stiker lucu dan datengnya juga cepatğŸ˜",Positive
n*****k,"Kualitas Suara: suara jernih tapi kurang ngebass
Ada sticker nya lucu hehe :3",Positive
,"Kualitas Suara: sangat jernih dan bagus
Desain: keren
Daya Tahan: tahan lama dan awet",Positive
i*****9,"Fitur Terbaik: charge bekerja dgn baik
Sepadan dengan Harga: dapat harga 120
gemes imut-imut
suara ok
batre awet
suka",Positive
i*****b,"Kualitas Suara: jernis bagus
Desain: lucu parkis
Fungsi: berfungsi dengan baik
Alhamdulillah paket nyampe dengan selamat bagus oke banget",Positive
r*****a,"Kualitas Suara: bass mantap
Desain: cantik
Daya Tahan: otw nyoba
Sejauh ini bagus, nyambungnya juga mudah sih",Positive
,"Kualitas Suara: memiiki suara yang bagus dan jernih
Desain: imut
Daya Tahan: tahan lama
Sangat bagus",Positive
l*****z,"Kualitas Suara: sangat mengesanka
Desain: kerenn dan modern sekali
Daya Tahan: tahan lama dan sangat handal",Positive
s*****_,"Sampai dengan cepat dan pengiriman aman, dibungkus dengan  aman, expirednya juga masih lama",Positive
o*****p,"Kualitas Suara: Standar
Desain: Sesuai
Daya Tahan: Belum dicoba
Pengiriman cepat packing rapi pakai bubble wrap thanks seller",Positive
,"Kualitas Suara: bagus, jernih
Desain: simple
Daya Tahan: belum tau
bass nya lumayan, worth it buat harga segitu",Positive
k*****o,"Alhamdulillah paket sampai dengan selamat dan sesuai pesanan. Semoga bisa berfungsi dengan baik
Terima kasih",Positive
i*****0,"Kualitas Suara: bass bagus
Desain: lucu dan menarik
Fungsi: bekerja dengan baik
baguss, suara juga okee semoga awett, makasi",Positive
h*****7,"Kualitas Suara: suara yg bagus
Desain: sangat menarik
Daya Tahan: tahan lama
Suara nya oke banget, desainnya minimalis, lucuuu",Positive
a*****a,"Kualitas Suara: bagus banget jernih juga
Daya Tahan: tahan lama
Desain: keren",Positive
f*****s,"Kualitas Suara: jernih
Desain: bagus
Daya Tahan: tahan lama
Produk bagus, berfungsi dengan baik",Positive
,"Kena yg lama tempatnya ilang jadi beli baru lagi 
Sngat recomend deh benerâ€ bsa tahan 3 nonstop lagu batre aman beut suara ok",Positive
,"Kualitas Suara: suara jernih, ada efek sound juga dr apk baseus
Desain: lucuu krn warna ungu
Daya Tahan: belum coba sampai berapa lama, nti di update ya
suaranya jernih, dikasih earplugs 3 pasang, kabel charger, dan stiker lucuuuu",Positive
j*****e,barangnya sesuai dan cepet sampainya berfungsi semuanya,Positive
,"Kualitas Suara: bagus
Desain: ok
Fungsi: beroperasi dg baik",Positive
,"Kualitas Suara: suara jernih
Alhamdulillah paket qu udah dateng... Baterai nya cepat habis kak padahal baru aja di ces",Positive
,"Kualitas Suara: ok
Daya Tahan: ok
Kualitas: ok
keren enaken mantap keren pisan euy asli demi apa demikian",Positive
,"Kualitas Suara: bagus
Desain: menarik
Daya Tahan: sangat lama
thank u pengirimannya juga cepet bangett!",Positive
v*****9,"Kualitas Suara: jernih banget
Desain: keren banget mungil
Daya Tahan: belum di coba
Bagus bgtğŸ¥° semoga awet",Positive
,"Desain: lucu warna sangat cantik
Packaging rapih dan tebal pengiriman cepat",Positive
e*****o,Alhamdulillah sampai dengan selamat dan semoga awet barangnya anak saya senang sekali buat dengerin musik sambil dia olahraga running biar makin semangat,Positive
,"Kualitas Suara: kane coy
Kualitas: sangat ok
Keseluruhan: memuaskan, memanjakan telinga
asik bet suaranya, lebih dari cukup overall good",Positive
,"Kualitas Suara: suaranya yang sebelah kanan gak ada
Desain: barangnya kayak barang lama warnanya kusem kotor kayak udah di pakek
Produk: Barang rusak",Neutral
a*****7,"Kualitas Suara: jernih
Desain: lucuu
Daya Tahan: tahan lama
produk sesuai dengan deskripsi,warna nya lucu banget, pengiriman sangat cepat,pesan hari ini dikirim juga hari ini",Positive
,"Kualitas Suara: sangat ngebass dan nyaman di telinga . Di pakai buat jogging juga nyaman
Fungsi: untuk olahraga dan membuka youtube
Keseluruhan: memuaskan",Positive
u*****7,"Kualitas Suara: sangat jernih dan bagus
Desain: menarik dengan detail yang apik
Daya Tahan: tahan lama dan sangat handal
Sesuai pesanan trimakasi semoga TWS nya awetğŸ‘",Positive
,"Kualitas Suara: bagus dan jernih
Desain: lucu, kotaknya kayak tempat cincin
Daya Tahan: lama bangett awetnya
Sudah sekitar sebulan pemakaian, so far bagus",Positive
r*****_,"bagus, paket sesuai dengan pesanan, ada yang WM01 dan EZ10, cuma dikirimnya agak lama nunggu weekdaysğŸ˜¥",Negative
,"Kualitas Suara: sangat baik
Desain: cantik
Daya Tahan: tahan lama",Positive
,"Kualitas Suara: baguss
Desain: minii
Fungsi: so gar so good
nyampenyaa cepet yaa mayan, barang baguss dan okee dapet free sticker juga thanks baseus smoga awet",Positive
y*****a,"Kualitas Suara: suara yang jernih
Desain: lucu dan minimalis",Positive
n*****y,"Packing aman pake bubble wrap dan tdk ada yg penyok
Berhub tuk kado jd blm dibuka jd ksh nilai 4 dl y
Nnt klo sdh dicoba ma yg empunya dan ga knp2 bru naik bintangnya tx",Positive
i*****a,"Kualitas Suara: bagus
Desain: lucu kecil
Fungsi: baik
Lucu dan compact bgt enak di kuping ga bikin sakit dan di pakein helm oke oke ajaaa guuddd",Positive
,"gilaa sih SUPER WORTH, mode EQ nya lumayan juga, denger musik jadi lebih enak suaranya, twsnya nyaman bgt buat dipake, semoga awet",Positive
,"Kualitas Suara: mantullll
Desain: kiyowoğŸ˜†
Fungsi: musikan, telponan, dll
Kalo mau lebih bass atau clear suaranya download app nya di playstore. Cari aja baseus sesuai tipe",Negative
n*****a,"Kualitas Suara: suara nya aman nggam ada gangguan
Desain: warna baguss
Daya Tahan: sejauh ini aman banget dipake dalam waktu lama",Positive
,"Kualitas Suara: baik
Desain: praktis dan lucu
Fungsi: baik
Pembelian kedua dibaseus, alhamdulillah cocok. Terima kasih seller dan shopee",Positive
,"Kualitas Suara: good
Good sesuai gambar",Positive
s*****7,"Kualitas Suara: Baik
Desain: Simple
Daya Tahan: Semoga awet",Positive
,"Kualitas Suara: Jernih, Bassnya oke kalau diatur
Desain: Lucu
Daya Tahan: Semoga awet",Positive
s*****a,"Kualitas Suara: bagus
Desain: comel
Daya Tahan: tahan",Positive
,"Kualitas Suara: mantab dan hernih
Desain: keren dan modern
Daya Tahan: tahan lama
Minus indikator batery biasa lampu doank tidak ada persentase nya, tapi bagus kok fungsinya",Positive
z*****m,"Kualitas Suara: okay
Desain: imut
Daya Tahan: blm tau lrn msh baru",Negative
i*****a,"Sepadan dengan Harga: okelah harga segitu
Bagus, gk ekspek si",Positive
s*****1,"Kualitas Suara: sangat jernih dan jelas
Desain: desain menarik
Daya Tahan: semoga awet
Mudah cara pakainga, semoga awet",Positive
n*****7,"Kualitas Suara: jernih
Desain: warnanya cantik
Lumayan cepet sampainya, warnanya ijo nya jga bgus banget, pas dipake jga bagus, suaranya jerni pokoknya work it deh",Positive
a*****a,"Kualitas Suara: sangat memuaskan
Desain: keren dan modern
Fungsi: berfungsi dengan baik
sesuai pesanan, sipp",Positive
m*****f,"Desain: menarik dan bagus
belum aku coba sih, tapi kayanya bagus dan enak buat dipakai",Positive
,"Kualitas Suara: baik
Desain: keren
Daya Tahan: waw bgt ğŸ˜
Suara jernih, untuk bass memang kurang, sengaja q ksi review jauh"" hari krn mau coba ketahanan batreinya, keren bgt sih ini, pas dteng lngsung q cas mskipun btrei msih 90%, baru habis stlah 6 hari, dstu q msih blum mau ksi rview krn prcobaan untuk ke 2 kalinya, q cas dn casnya gak lama q pkir bkal shrian gtu krn se awet itu kan, trnyta q cas pas mau tdur sktar jm 1an gtu pgi udh full, dn itu habis dlm wktu 7 hari, pdhal tiap hri q pkek loh, keren bgt sih iniiiiiii, klo ini rusak nex q bkal bli baseus lgi, loveeeeee bgt ğŸ˜ğŸ˜ğŸ˜ğŸ˜ğŸ˜ğŸ˜ğŸ˜ğŸ˜ğŸ˜ğŸ˜",Positive
g*****0,"Desain: bagusas
Daya Tahan: sejauh ini baguss
Ga nyesel, walaupun aku maunya warna kuning tp ternyata kosongğŸ˜­",Positive
,"Udh beli kedua kalinya. Seperti biasa, produknya oke, pengiriman lumayan cepat, packing aman. Overall mantap ğŸ”¥",Positive
,"Kualitas Suara: baguss
Desain: keren
Semoga di aku bisa awetğŸ‘",Positive
,"Kualitas Suara: jernih
Desain: simple
Fungsi: berkerja dengan baik
Barang sampe dengan selamat, setelah dicoba seharian, oke jugaağŸ‘ğŸ»
 Semoga awet",Positive
,"Kualitas Suara: bagus jernih
Desain: minimalis
Daya Tahan: tahan 12 jam",Positive
,"Paketan sudah sampai, semoga awet
Terimakasih seller dan shopee juga bang kurir ğŸ™",Positive
,"Pengiriman cepat, ga expect bakal dateng secepat itu, kualitasnya juga bagus barang berfungsi dengan baik",Positive
n*****1,"Kualitas Suara: baik
Desain: sama kaya yg encok wmo1
Daya Tahan: belum tau
beli ini karna yg lama hilang, semoga sama kaya yg baseus encok wm01 dari segi daya tahan",Positive
,"Kualitas Suara: suaranya sangat jernih
Desain: desain bagus dan simple
Fungsi: semuanya bekerja dengan baik
Batre awet tidak habis habis",Positive
m*****4,"Kualitas Suara: jernih, bass nya oke buat harga segini
Desain: baguss
Daya Tahan: lumayan lama, 3-4 jam an lebih, itupun batre masih 50%",Positive
,"Kualitas Suara: bass ya bagus
Desain: lucu
Daya Tahan: belum di test....semoga awet...aamiin",Positive
e*****2,"Kualitas Suara: kenceng enak banget
Desain: lucu apalagi ambil warna pinkyyyyy
Suka banget sama tws nya, semoga awet yaaa soalny punya 2 rusak semuağŸ¥ºğŸ¥ºğŸ¥ºğŸ¥º",Positive
,"Kualitas Suara: bagus
batre awet bagus dah pokok nya udh 1 bln an pake",Positive
,"beli gara"" ilang, yang sebelumnya udah 4th pakai jadi repeat order soalnya kualitas nya ga pernah gagal",Positive
d*****a,"Kualitas Suara: lumayan
Desain: menarik
Daya Tahan: belum coba
Lumayan, karena buat jogging sama zoom meeting nih headset semoga tahan 2 tahunan ya",Positive
r*****l,"Kualitas Suara: jernih
Desain: bagus
Daya Tahan: baterai tidak habis habis",Positive
h*****_,"bagussss okeeeee bangeetttt suaraaa bassss nyaaaa keluarrr, simple and mini",Positive
,"Kualitas Suara: mantap mid high low nya dapet
Desain: oke
Fungsi: sangat baik",Positive
r*****n,"Kualitas Suara: bagussss
Desain: gemes bangett warna ungu
Fungsi: semua baguss suara juga jela",Positive
n*****a,"Kualitas Suara: suara bagus
Desain: ok
Fungsi: berfungsi dengan baik
Kecewa karna salah kirim  warna,
Tapinkarna dtang nya cepat termaaf kan",Positive
t*****6,"Kualitas Suara: jelas bagus
Desain: menarik
Fungsi: baik
suaranya jelas suka deh terimakasih",Positive
n*****a,"Kualitas Suara: BAGUSSS
Desain: CAKEPPP
Fungsi: SUARANYA JERNIH BANGETTT",Positive
d*****s,"kecil bgt yaa ternyata tapi cakep design nya simpel, belom dicoba semoga awet",Positive
a*****r,"Kualitas Suara: ok
Desain: ok
Daya Tahan: ok
Saya sangat puas dengan produk ini! Kualitasnya bagus, tidak membuat iritasi, dan hasilnya sesuai deskripsi. Pengiriman cepat dan packing aman. Pasti akan repeat order lagi!",Positive
c*****a,"Kualitas Suara: BUAGUSS POLLLL
Desain: lucu, mungil gituu
Fungsi: buat dengerin musik horeg (jokee)
Gwe jamin loe semua gabakal nyesel co baseus, my honest review ini buagus pollllll. Dari segi suara jernih banget, bass nya oke. Trus desainnya juga pocket friendly (imo), warnanya lucu gemas semua, pas dipake di telinga gak bikin sakit (gwa jujur). Soalnya ini kedua kalinya gue beli produk ini, awal beli warna unggu (tapi rusak karena kecuci hehe) akhirnya beli lagi. POKOKNYA BELI GA LO SEMUA, I LOVE U BASEUS",Positive
m*****m,"Barang sudah sampai di rumah, tidak ada cacat sedikit pun. Terima kasih",Negative
,"Kualitas Suara: memuaskan
Daya Tahan: tahan lama
Desain: elegan
Baseus emang bagus banget. Awalnya aku pake emang aku ngerasa suaranya kecil karena kebiasaan pake headphone tapi lama kelamaan nanti suaranya bakal enak ditelinga. Selain itu ada app yang bisa memaksimalkan kualitas suara dari baseus.",Positive
,Paket nya sudah saya terima..maksih seler sudah amanah. Mantapppp,Positive
,"Kualitas Suara: belum dicoba
Desain: menarik
Fungsi: bagus",Positive
d*****_,Terimakasiiii barang sudah sampai. Barangnya baguss dan oke bgt,Positive
a*****a,"Kualitas Suara: jernih
Desain: lucu dan pas di telinga",Positive
l*****e,"Kualitas Suara: lumayan
Desain: lucu
Daya Tahan: tahan lama bgt",Positive
v*****a,Barang diterima dengan baik...Pengemasan dan pengiriman cepat.. trima kasih..,Positive
c*****x,"Kualitas Suara: bass mantap
Desain: enak di kuping, karetada 3 ukuran SML
Daya Tahan: belum coba panjang
Performa Baseus wm01 sangat memuaskan untuk harga di bawah 200rb, apalagikalau pas dapet diskon dapat hanya di 140rb ya sangat2 memuaskan mentok maksimal",Positive
,"Kualitas Suara: suara jernih dan ngebas
Desain: minimalis
Daya Tahan: tahan lama",Positive
r*****8,"Kualitas Suara: mantap
Desain: lucuuu
Daya Tahan: awett",Positive
t*****4,"wow rekor sih, pesen barang di shopee diluar sulawesi cuman 2 hari smpe. mantull. terima kasih baseus, smoga tws nya awet",Positive
a*****r,"Kualitas Suara: nge bass
Desain: keren
Daya Tahan: tahan lama
worth it",Positive
,"Kualitas Suara: suaranya kyk tws lainnya si, ga terlalu nusuk di telinga jadi ga pegel & sakit kalo pake 2jam / 3jam
Desain: simple, ringan
Daya Tahan: batrai awet si,  kalo untuk jangka panjangnya kurang tau
kalo mau tws simple, bass ngena, ringan, tahan lama. ini dh cocog",Positive
f*****1,Barang sudah sesuai dengan pesanan. Semoga cocok dan bagus,Positive
s*****e,"Kualitas Suara: jelek, nada2 keluarnya tdk jernih, bass lemah
Desain: biasa
Fungsi: no comment
Produk: Kualitas buruk
Ini kualitas suara jelek, nada2 yg keluar tdk jernih, bass nya gak kerasa. Waktu mau ganti silicone tips, screen pelindung terlepas. Saya punya Baseus E20 yg kualitas jauh lebih baik dari pada yg WM10 ini. Mendingan tambah uang sedikit tapi kualitas jauh lebih baik.",Neutral
,"Kualitas Suara: bagus
Desain: ringkas dibawa kemana, imut
Fungsi: baik",Positive
,"Kualitas Suara: mantap
Desain: bagus
Daya Tahan: baik",Positive
k*****8,"Kualitas Suara: Jernih dan kedap suara
Desain: miniiiii
Daya Tahan: jujur lamaa ga cepet habis batrenya",Positive
k*****_,"Kualitas Suara: bagus poll
Desain: elegan
Daya Tahan: lumayan tahan lama
sedih bgt, yg hitam ilang padahal baru beli 2 bulan. makannya beli lagi dan ganti warna
semoga ga ilang lagiiii :(",Positive
f*****2,"Kualitas Suara: oke
Desain: bagus
Daya Tahan: tahan lama dan awet
Lucu, dpt stiker, pengiriman cepat",Positive
k*****a,"Kualitas Suara: mantap tapi ga jernih banget tapi ok lah
Desain: bagus, matte
Daya Tahan: lama sih ok
kenapa ya kalo connect ke laptop suara nya kecil banget bener bener sekecil itu huhu",Neutral
,"Kualitas Suara: mantap dan jernih
Desain: lucu bgt
Daya Tahan: belum tahu
Lucu bgt warna nya pink.. dan beli lg flash sale",Positive
,"Kualitas Suara: bass terdengar cukup baikk
Desain: imut dan menarik
Daya Tahan: tahan lama dan sangat handal
Terima Makasiih kaak sesuai pesanan",Positive
m*****a,"Kualitas Suara: Sangat Jernih dan Bassnya g ush di tanya kualitasnya
Desain: lucu warna ungu beda dari yang lain
Fungsi: Bluetoothnya bekerja dengan baik dan sudah menjamin kualitasnya",Positive
n*****7,"Kualitas Suara: ngebass bagus
Desain: kecil jadi enak dibawa",Positive
,Bagus aku beli pas dapet harga murce bangettt semoga awet ya,Positive
z*****y,"Kualitas Suara: bagus tp kurang besar suaranya?? harus kyk full gitu
Desain: lucu imut muat dimana2
Daya Tahan: batrai tahan lama
Lucu kok tp bisa di setting gt mode nya di aplikasi",Positive
j*****s,"Barang sampai sesuai pesanan, suaranya bagus dan jernih ğŸ‘ğŸ‘",Positive
z*****_,"Kualitas Suara: jelas
Desain: simpel
Fungsi: bekerja dengan baik
Bagusss banget pertama kali beli disini happy. Rekomendasi beli disini karna tokonya juga Official walau agak mahal tapi worth it untuk dibeliii, terimakasih",Positive
,"Kualitas Suara: oke
Desain: bagus
Daya Tahan: mantap",Positive
,Dalam keadaan bagus dan berfungsi,Positive
,"Kualitas Suara: sedikit kurang
Kualitas suara bagusan yg p1 beli deh....
Yg k2 harus pakek vol setegah baru kedengeran... padahal yg pertama vol sedikit sudah terdengar...",Neutral
n*****i,looknya lucu free stiker lgii,Positive
n*****8,"Pertama kali beli baseus semoga awet, pas nyobain enak dipakenyaâ¤ï¸",Positive
,"Kualitas Suara: not bad lah enak aja
Desain: warnanya suka
Daya Tahan: daya tahan batre lama
Worth it harga segitu mah. Pokoknya harus pada beli",Positive
,"Kualitas Suara: sangat jelas dan terdengar
Desain: sederhana
Daya Tahan: tahan lama
Bagus dan packing rapih",Positive
k*****2,"Kualitas Suara: hmz b aja
Desain: aga bulky yh tp gapapala
Daya Tahan: semingguan
ini adala pembelian tws baseus kedua gue,, krn yg sblmnya ilankğŸ’”ğŸ’”ğŸ’” smoga yg ini panjang umur nan sehat slalu",Positive
s*****n,"Kualitas produk bagus, pengiriman sangat cepat & packaging aman. Mantap ğŸ‘",Positive
,"Kualitas Suara: bagus
Desain: menarik, imut
Fungsi: berfungsih dgn baik
Pesanan nyampenya cepat, warna sesuai pesanan. Terima kasih ğŸ™ğŸ™",Positive
h*****u,"Kualitas Suara: ya sesuai lah dengan harganya ga terlalu bagusÂ² banget sih
lumayan tahan lama",Positive
d*****_,"Kualitas Suara: bass bagus
Desain: terlihat keren dan modern
Daya Tahan: tahan lama dan sangat handal",Positive
,Terrimakasiiihhh barangnyaa baguss sebelumnya juga udh pernah belii ga pernha nyeselll ğŸ«¶ğŸ«¶,Positive
,"Kualitas Suara: ok
belum di coba semoga awet terima kasih",Positive
,"Kualitas Suara: bagus
Desain: unik
Daya Tahan: lama
rekomen tws harga 100an",Positive
,bagus dan suara nya jernih maaf jika telat menilai,Positive
,"Kualitas produk baik
Pengiriman juga cepat
Harga bersaing..",Positive
,"Kualitas Suara: baguss..jernih
Desain: lucu...
Daya Tahan: semoga awet
Bentuknya lucu..suara sangat bagus..jernih..bass jg mantap...gak rugi da...semoga awett..senang banget da",Positive
,"Kualitas Suara: Bagus
Desain: Menarik
Daya Tahan: Semoga tahan lama",Positive
,"Suka sekali, bagus sesuai ekspektasi, pengiriman nya juga ceepett...semoga bertahan lama yaa...sukses selalu",Positive
,"Kualitas Suara: bagus
Desain: sangat lucu
Daya Tahan: belum tau, semoga awet
dapet harga promo hehehe bagus earbudsnya dengan harga yg murahhğŸ«¶ğŸ»",Positive
k*****_,"Kualitas Suara: baguss jernih
Desain: LUCUU PINKNYA ğŸ’•
Fungsi: 100/10
BAGUS BANGEETT pinknya soft, kualitas suaranya jernih & jelas, GEMES BGT POKOKNYAA ğŸ©·ğŸ«§ğŸ§šğŸ»â€â™€ï¸ğŸ¿ğŸ€â­ï¸ğŸ©°ğŸª¿ğŸ’¢â€¼ï¸â€¼ï¸",Positive
,"Kualitas Suara: bass bagus
Desain: minimalis mudah dibawa kemanaÂ²
Fungsi: bekerja dengan baik sesuai deskripsi
pengiriman cepat, pelayanan dari toko juga bagus dan ramah",Positive
,"Kualitas Suara: ok
Desain: ok
Daya Tahan: semoga awet",Positive
s*****r,"Kualitas Suara: bagus
Desain: sesuai dengan pesanan
Fungsi: baik",Positive
d*****7,"Desain: minimalis mudah dibawa kemana-mana
Fungsi: barang bekerja dengan baik",Positive
,"Kualitas Suara: mantap
Desain: keren
Daya Tahan: aweett
berfungsi semua mantab",Positive
,"Kualitas Suara: jernih
Desain: menarik
Fungsi: baik
Terima kasih atas paketnya sesuai dgn keinginan suara ngebas dan bersih...pengiriman sesuai estimasi..sukses dan jaya selalu",Positive
,Kualitas Suara: suara kecil volume sudah full ttp aja kaya main 50%,Neutral
h*****a,"Kualitas Suara: BAGUSSS
Desain: cute abisss
Daya Tahan: awet bgt katanya
Asli bener bener langsung kedap suara",Positive
,"Kualitas Suara: Bagus dan Jernih
Desain: Kecil
Daya Tahan: Awet
Baseus the best product, suara yang di hasilkan dari earphone ini tidak pecah yang pasti keren",Positive
r*****i,Sudah langsung dicoba stekernya. Lumayan. Semoga awet. Makasi,Positive
,"Kualitas Suara: bagus, bisa diatur lewat aplikasi pula
Desain: bagus, dan gampang buat dibawa kemana mana
Daya Tahan: mantap le ğŸ˜‹",Positive
,"Kualitas Suara: mantab
Desain: simpel minimalis
Daya Tahan: blm di coba
Sangat rekomendasi",Positive
,"Kualitas Suara: Bagus
Desain: Desain menarik
Daya Tahan: Belom dicoba sampai habis daya
Pengiriman cepat pakai bublewrap",Positive
g*****6,"Kualitas Suara: jernih
Desain: modern
Fungsi: berfungsi dengn baik",Positive
a*****l,"Kualitas Suara: sangat memuaskan
Desain: menarik
Fungsi: bekerja dengan baik sesuai ekspektasi
enak banget, nyaman di kuping ga bikin sakit",Positive
,"Kualitas Suara: gabisa denger 8d audio yaaa guys mungkin pilihan yang lain bisa.
Desain: good
Daya Tahan: mungkin akan awet",Positive
,"Kualitas Suara: mantap
Desain: unik
Daya Tahan: ok
Untuk anak, ok",Positive
a*****k,"Kualitas Suara: GERRRRRR
Desain: LUCU BGTT WARNANYAAAA
Daya Tahan: so far baguss bangett si buat kualitas batrainya, udah pake seminggu buar ride masii amannn",Positive
n*****i,"Kualitas Suara: bagusss, keren. bassnya okkkss
Desain: lucu banget mungil, gampang buat dibawa kemana mana
Daya Tahan: sejauh ini awet si batrenya",Positive
,"Kualitas Suara: bagus, jernih
Desain: lucuuu
Daya Tahan: udh pasti bandel part-nya Krn ini produk ke 3 baseous yg sy pakai",Positive
,"Kualitas Suara: bagus
Desain: terlihat menarik dan keren
Daya Tahan: semoga tahan lama",Positive
m*****r,"Kualitas Suara: biasa saja
Desain: cakeuuup
Daya Tahan: biasa saja
Worth to buy dg harga segitu",Positive
,"Kualitas Suara: jernih dan bagus sekali
Desain: menarik dan bagus
Daya Tahan: tahan lama",Positive
s*****y,this is my second purchase! my first purchase lasted for around 5 years! great quality with good price,Positive
j*****9,"Kualitas Suara: oo
Desain: okb
Fungsi: ojj
Packing rapih pengiriman cepat semoga selalu dalam keadaan sehat serta persalinan normal untuk ibu hamil yang manis dan ungu kalo",Positive
,"Kualitas Suara: bagus banget basnya mantab
Desain: kecil dan gak banyak makan tempat
Daya Tahan: lamma banget asli bagus
Rekomend banget dengan harga segini kualitasnya yang mahal banget suka dehğŸ˜",Neutral
,"Kualitas Suara: lebih kecil suaranya dibandingkan baseus e 19 yang saya punya sebelumnya
Desain: OK
Baru dipakai 1 bulanan, yang termaauk tidak sering dipakai paling seminggu 2-3x dipakai, tapisaat saya coba pakai beberapa hari ini dia awalnya suaranya ada setelah 10 detik suaranya hilang padahal baterai nya masih isi, di charge ulang karena pikir baterainya habis, setelah full sama saja bunyi sebentar trus nggak ada suaranya lagi padahal lagu atau videonya masih jalan dan kondisi bluetooth tersambung",Neutral
,"keren
suara bass
manteb deh pokoknya",Positive
,"Kualitas Suara: bagus
Suara enak, dan ditambah bentuknya yg jecil, jd kayak gak pake earbuds. Ringan banget. Kurang suka buds nya, jd kuganti sm buds dr tws lain wkwk overall puas sih",Positive
,"Kualitas Suara: agak mendem
Desain: bagus
Fungsi: berfungsi dengan baik
Di harga segini udah oke,gabisa berharap lebih. Kekurangan menurut telinga saya si, suara aga mendem, bass yg luber bgt, tpi setelah d tuning lewat eq bawaan hp, suara jadi lebih balance d semua frequency, dan juga suara bisa lebih keluar d banding sebelumnya.",Positive
m*****o,"Kualitas Suara: 8,5/10
Desain: lucu, mini
suka desain earphone nya mini lucu juga warna nya ğŸ’š  cuma kalau suara not bad but not good okay thanks",Positive
,"Kualitas Suara: jernih bagus
Desain: modern
Daya Tahan: batrai aman tahan lama
Dari dulu emng pengguna beauses ,rekomanded low badget tp kualitas nya ok, d pake tlp juga ok, dger musik juga bisa,cuma sering jatuh aja sering lepas dri telinga",Positive
j*****i,"Kualitas Suara: suara jernih dan berfungsi dengan baik
Desain: bagus
Daya Tahan: seminggu baru lowbat padahal tiap malam dipake 3-4 jam buat game",Positive
n*****2,"Kualitas Suara: jernih gak bikin sakit telinga
Desain: bagus
Daya Tahan: semoga tahan lama",Positive
,"Kualitas Suara: jernih
Desain: kecil jadi mudah dibawa
Fungsi: baik
Ga nyesel sih beli baseus ğŸ¤©ğŸ¤©",Positive
,"Kualitas Suara: bagus dah mantep
Desain: design nya oke lah
Fungsi: berfungsi kanan kiri
kalo lowbudget beli ini aja, udh bagus kok.",Positive
u*****1,"Kualitas Suara: standar
Desain: bagus warna ungu
Daya Tahan: lama
daya tahannya lama bgt, paket diterima tgl 13 agustus trs di cas cuma sehari tgl 14 agustusnya, sampe skrg 11 September belom dicas
buat kualitas ya standar sih, sebelumnya user jbI pindah ke baseus",Neutral
,"Kualitas Suara: kualitas mantep
Desain: desain minimalis, enak dilihat
Fungsi: fungsi ok semua",Positive
,"Kualitas Suara: bass bagus
Desain: imut lucu beutt
Fungsi: alhamdulillah masih berfungsi awet nyoy",Positive
a*****a,"Kualitas Suara: super duper seperti yang saya harapkan!
Desain: sangat bagusğŸ˜‹
Daya Tahan: tahan lama dan sangat bagus dan keren",Positive
,"Kualitas Suara: jernih bagus
Desain: lucu menarik
Daya Tahan: tahan lama
Bagus sesuai dgn yg dipromosikan semoga awet tahan lama",Positive
,"Kualitas Suara: belum dicoba
Daya Tahan: belum dipakai
Barang datang tepat waktu dan sesuai gambar, mudah mudahan dapat berfungsi dengan baik",Positive
,"Barang sesuai, ori dan pengemasan rapiiğŸ‘",Negative
e*****2,"Kualitas Suara: memuaskan
Desain: menarik
Daya Tahan: tahan banting
Terimakasih pesanan sudah diterima dengan baik dan sesuai :)",Positive
,"Kualitas Suara: jernih
Desain: imut
Daya Tahan: tahan lama
Packing rapi
Cepat sampainya
Produk original
Terima kasih",Positive
,"Kualitas Suara: bass biasa aja tapi oke lah suara jernih
Desain: bagus
Fungsi: bekerja dengan baik",Positive
,"Kualitas Suara: mantap
Desain: gampang di bawa kemana mana
Daya Tahan: baterai tahan lama",Positive
h*****2,"Kualitas Suara: jernih
Desain: lucu
Daya Tahan: lama
Semoga batrenya awet, dipake juga gak cepet habis. Terima kasih",Positive
,"Kualitas Suara: suara jernih dan bagus
Desain: cantik dan menarik
Daya Tahan: semoga awet",Positive
c*****0,"Kualitas Suara: bagus
Desain: menarik, pinkeuu
Daya Tahan: tahan
warnanya lucuu imutt, kecil juga jadi pas di tangan & tass hehe",Positive
a*****r,"Kualitas Suara: aman
Desain: okee
Fungsi: semoga amna
Mantap udh di coba sejauh ini suara jelas",Positive
,"Kualitas Suara: sura sangat jernih
Desain: menarik dan estetik
Daya Tahan: tahan lama",Positive
,"Kualitas Suara: jernih
Desain: warnanya lucuu
Daya Tahan: SANGAAT LAMA!! ga abis abiss!!",Positive
,"Kualitas Suara: belum dicoba
Desain: lucuu",Positive
j*****8,,Positive
,"Kualitas Suara: bagus
Desain: imut
Fungsi: baik
Packing rapi
Cepat sampainya
Terima kasih",Positive
b*****6,"Kualitas Suara: worth the price bass nya juga cukup mantep
Desain: minimalis
Fungsi: berfungsi dengan baik",Positive
d*****f,"Kualitas Suara: INI GONG BGT
Desain: bagus
Daya Tahan: tahan lamaaaa
BELI LAGI KRNA ILANG SATU...",Positive
s*****a,"Kualitas Suara: sungguh memuaskan
Desain: compact, kecil, muat di kantong
Daya Tahan: tahan lama dan cepat cas-nya",Positive
,"PARAH BANGET PENGIRIMAN NYA, SENGAJA PAKE INSTANT BIAR CEPAT SAMPE, UDAH BAYAR MALAH LAMA SAMPE DAN G ADA RESPON DARI ADMIN PARAHHHğŸ¤£ğŸ˜¡ğŸ˜¡ğŸ˜¡",Neutral
i*****w,aman bgttt dua duanya berfungsi,Positive
,"Kualitas Suara: jernih
Desain: menarik
Daya Tahan: lama
selalu suka sama baseus. dulu beli masi 300k uda rusak skrng dapet 150 langsung beli hihi",Positive
,"Kualitas Suara: jernih
Desain: kecil dan muat dimana aja
Daya Tahan: baru nyoba sih",Positive
s*****e,"Kualitas Suara: Baik
Desain: Elegan
Daya Tahan: Baik
Barang original, kualitas baik. Thanks",Positive
,"Kualitas Suara: bagus
Desain: elegan
Fungsi: baik
Sudah di coba, kualitas bagus. Semoga awet",Positive
d*****e,"Kualitas Suara: Suara relatif kecil dibandingkan dengan TWS pada umumnya (dalam kasus saya)
Had exceptionally high expectation cuz of the rave reviews, tapi sangat kecewa karena baru 3 hari pemakaian salah satu earphone (left) terus menerus disconnecting dengan sendirinya dari device. Selalu harus unpair dan repair agar bisa reconnect (without doing so nggak bisa connect). Sudah factory reset sesuai dengan manual juga nggak ada perubahan.

Suaranya juga kecil ternyata, padahal volume bar di device sudah mentok.

Such a disappointing purchase. Padahal pembeli lainnya experience-nya baik, mungkin saya yang lagi nggak hoki",Neutral
b*****7,"jernih berfungsi baik, bagus, mantab mantab mantab mantab",Positive
a*****2,"Kualitas Suara: bagusss
Desain: sangat menarik
Daya Tahan: tahan tidak dicas 2 hari",Positive
m*****2,"Kualitas Suara: SANGAT JERNIH, SUKA BANGET
Desain: CAKEP
Daya Tahan: sangat lama
Lope",Positive
,,Positive
,,Positive
,"Kualitas Suara: jernih
Desain: menarik dan kompleks
Daya Tahan: lumayan lama untuk harga segini
worth it untuk dibeli",Positive
,bagus lucuuu dan mini,Positive
,"Kualitas Suara: jernih
Desain: menarik
Daya Tahan: pertama coba lumayan tahan lama
Bisa langsung connect",Positive
,Kualitas Suara: bass manteeepppp,Positive
n*****i,,Positive
p*****3,"Aku review jujur ya, dari segi bahan bagus banget. Dipake berjam jam juga ga sakit kuping nya, kaya berasa ga pake earphone aja gitu. Terus awet jugaa, ini aku udah 4 hari ga ngecas2 masih 70% baterai nyaa. Tapiii, untuk kualitas suara kecil bgt walau udah 50% volume nya tapi masih kerasa kecil gitu dan itu agak bahaya sih buat pendengaran, sekitaran 60 udah mulai oke sih kedengeran",Neutral
,"Kualitas Suara: lumayan tapi agak delay
Desain: bagus
Fungsi: lumayan bagus
Suara nya ke delay beberapa detik tapi over all bagus",Positive
,"Kualitas Suara: mantap tp masih bisa diimprove
Desain: lucu
Daya Tahan: mantap
Sayangnya agak tebel desainnya jd waktu make helm sakit telinganyağŸ¥²",Positive
,"Produk: Tidak sesuai deskripsi, Barang palsu, Barang rusak, Kualitas buruk
ini barang siapa woi, uda kirim nya lama banget, orang mau pake jastip dan jastip nya uda mau berangkat tanggal 9 malah sampai di tanggal 11, uda lama banget barang yang dikirim salah lagi barang nya punya orang lain, seller gajelas ga rekomen. mending beli produk lain pengiriman jelas dan bertanggung jawab, yang balas chat juga ga becus bertele tele banget cuma modal copy paste aja. gapunya nalar sendiri buat balas.",Neutral
,"Kualitas Suara: biasa ga terlalu kencang
Desain: biasa
Fungsi: oke
Belum bisa menikmati",Neutral
a*****a,"bagus ya sesuai harga, semoga tahan lama",Positive
d*****_,"Minusnya SUARANYA KECIL :(
Batrenya awet
Warnanya lucu 
Lihat batrenya pke aplikasi",Positive
v*****1,"Kualitas Suara: Bass mantep
Desain: Keren
Daya Tahan: Tahan lama
Keren pengiriman cepat dan maksimal sekali suaranya",Positive
,Pengiriman cepat dan aman warna gemes banget suara oke mantap thank you ya!,Positive
a*****_,"Dulu udah pernah beli earphone baseus encok wm01 dan itu bagus. Entah kenapa earphone baseus bowie yg ini, kurasa beda bgt. Yang ini harus volume full baru ngebass, dan ga begitu noise cancelling. Udah ku cari2 baseus encok tapi ga ada, adanya hanya bowie. Ku coba lah, tapi ternyata lebih enakan yang dulu. Maaf ya..",Positive
,"overall bagus , tp pas mau check out aku pesen wrn pink stocknya ada sekitar 500 gt warna lain jg ak smpet check kyk mint, ungu itu 300-500 stocknya tp pas udah co udah bayar di chat ktny sisa putih?? lah? klo emg sisa putih aja harusnya pas mau co pilih warna, warna yg lain stockny 0 dong? ini banyak tp katanya cm putih aja ğŸ˜…",Neutral
i*****a,"Kualitas Suara: memiliki suara yang jernih dan bagus
Desain: sederhana namun elegan
Daya Tahan: tahan lama dan sangat handal",Positive
a*****7,"Kualitas Suara: sangat memuaskan
Desain: menarik
Fungsi: baik
fotoku ga sesuai produk yeah maaf",Neutral
m*****r,"Kualitas Suara: sangat mengesan kan
Desain: terlihat keren dan modern
Daya Tahan: tahan lama dan sangat handal",Positive
b*****i,Produk nya bagus kurir nya juga amanah mantap produknya amanah,Positive
l*****_,"Kualitas Suara: jernih noise cancelingnya good
Desain: bagus
Fungsi: aman
BASEUS TERBAEKKK",Positive
a*****3,Earphone dapat berfungsi dengan baik dan warna sesuai dengan pesanan,Positive
a*****a,,Positive
,,Positive
,,Positive
,"Kualitas Suara: di hp andro suaranya kurang bgtt
Desain: kurang
Daya Tahan: lumayan
Sempet susah konek ke hp andro kdg suara ilang satu",Neutral
,Produk tidak berfungsi di sebelah kanan tidak bisa tercharge padahal bagus banget bentuknya. Next bakal beli lagi,Positive
,"Kualitas Suara: lumayan
Desain: bagus
Daya Tahan: awet tahan lama",Positive
,,Positive
,,Positive
,So cute,Positive
,,Positive
,,Positive
,,Positive
,,Positive
,,Positive
,,Positive
,,Positive
l*****1,cepat banget sampainyaa,Positive
,,Positive
,,Positive
,,Positive
,,Positive
,,Positive
,,Positive
y*****9,"Kualitas Suara: kurang kecengğŸ¥²
Desain: imut kecil gt
Fungsi: semoga awet
inii mungil banget sii, ini ke kuping susah jujurğŸ¥²ğŸ™ terus menurut ku ini kurang kenceng, volnya setengah pun kurang kenceng tapi bagus kok semoga awet thanks baesusğŸ‘",Neutral
,,Positive
,Keciiiil suaranyağŸ¥²,Neutral
,,Positive
,,Positive
,,Positive
,,Positive
,,Positive
d*****4,,Positive
,,Positive
,,Positive
,,Positive
,,Positive
,,Positive
,,Positive
a*****n,"bagusss, semoga awett ijo kaya telor asin pengiriman cepat",Positive
,"Kualitas Suara: jernih
Desain: menarik
Fungsi: berfungsi baij",Positive
f*****s,,Positive
,,Positive
,,Positive
,,Positive
p*****a,,Positive
u*****1,,Positive
d*****a,,Positive
,"Kualitas Suara: bagus
Desain: keren
Fungsi: berfungsi dgn baik",Positive
,"Kualitas Suara: bagus dan suaranya jernih
Desain: menarik
Daya Tahan: tahan lama",Positive
d*****9,"mantap, suaranya jernih, kanan kiri berfungsi dengan baik",Positive
,,Positive
,,Positive
s*****u,"ga espek kalo basnya lebih nampol ketimbang yg bowie 16, alias mantap bgt ges",Positive
,,Positive
y*****i,"Kualitas Suara: mantap
Desain: bagus
Daya Tahan: tahan lama,klo ga kerendem cucian",Positive
,Bagusssss bangett udah dites suara nya pool kenceng semoga awet ya,Positive
t*****7,"Kualitas Suara: jerni
Desain: kecil lucu
Daya Tahan: tahan lama bgt",Positive
f*****k,,Positive
t*****s,,Positive
,"Kualitas Suara: horegg sekali, menggelegarr
Daya Tahan: anti segalaa",Positive
b*****6,"Kualitas Suara: oke
Desain: bagus
Fungsi: berfumgsi baik",Positive
,"Kualitas Suara: standar
Desain: slick
Daya Tahan: awet",Positive
,"Kualitas Suara: jossss
Desain: bagus
Daya Tahan: awet",Positive
,"Kualitas Suara: bass memuaskan
sangat mudah dalam menggunakan dikasi cover biar makin aman",Positive
,"Kualitas Suara: bagus
Desain: bagus
Daya Tahan: tahan lama",Positive
h*****a,"Diterima dgn baik terima kasih, semoga awet ya kak",Positive
e*****d,"Kualitas Suara: jernih bagus
Desain: menarik mudah disimpan",Positive
,"Kualitas Suara: mantab
Desain: bagus keren
Daya Tahan: wortit",Positive
,"Kualitas Suara: Kualitas oke
Desain: menarik
Daya Tahan: kuat",Positive
,"Kualitas Suara: bagus jernih
Desain: keren
Fungsi: baik sesuai",Positive
s*****a,"Kualitas Suara: suara jernih
Desain: menarik dan lucuu",Positive
,"Kualitas Suara: baik
Desain: lucu
barangnya sampe dengan selamat dan berfungsi",Positive
,"Kualitas Suara: bass bagus
Desain: -",Positive
y*****_,nah sesuai espektasii + connect app baseus juga buat setiing EQ,Negative
,"Kualitas Suara: jernih
Desain: elegan dan menarik
Daya Tahan: tahan lama seharian",Positive
r*****o,"Kualitas Suara: mantap
Desain: bagus
Fungsi: sesuai
keren",Positive
,"Kualitas Suara: bagus
Desain: keren
Daya Tahan: tahan lama mantap",Positive
,"Kualitas Suara: baguss
Desain: cantikk
Daya Tahan: lama
Baguuss cantikk",Positive
,"Kualitas Suara: memuaskan
Desain: mungill
Fungsi: berfungsi dengan baik",Positive
,"Kualitas Suara: jernih
Desain: kerenn
Daya Tahan: tahan lamaa bangett",Positive
s*****u,"mantap, download apk nya lebih mantap karna bisa req genre + bisa nambah volume",Positive
s*****a,"Kualitas Suara: ok
Desain: keren
Daya Tahan: semoga bisa bertahan lama",Positive
,"Kualitas Suara: audio nice
Desain: enak dipake, nyaman",Positive
d*****1,"Kualitas Suara: jernih mantap
Desain: soft pink mantap
Daya Tahan: awet",Positive
l*****7,"Kualitas Suara: jernih dan bagus
Desain: menarik
Daya Tahan: tahan lama",Positive
,"Kualitas Suara: bersih
Desain: minimalis
Daya Tahan: baru cb",Positive
,"Kualitas Suara: bagusss
Gk bisa di photo karena udah di pake",Positive
,Kualitas Suara: mantepp sangat workit sesuai ekspektasi pokoknya ga mengecewakan dahğŸ‘ğŸ»,Positive
,"Kualitas Suara: bagus banget
Desain: modern, estetik
sukaa",Positive
,"Kualitas Suara: siiip
Desain: unik
Daya Tahan: baru dipakai",Positive
,"Kualitas Suara: oke lah
Desain: cantik
Daya Tahan: semoga awet",Positive
,"Kualitas Suara: jernih
Daya Tahan: aweetttt
terbaik!!",Positive
,"Kualitas Suara: great
Desain: bagus dan kuat
Pilihan yang tepat..greatt",Positive
,"Kualitas Suara: sangat memuaskan
Desain: bagus banget warnanya",Positive
,"Kualitas Suara: kuat
Desain: cantik
Daya Tahan: sejauh ini awet",Positive
,"Kualitas Suara: jernih
Desain: simple
Daya Tahan: sangat tahan lama",Positive
,"Kualitas Suara: jernih
Desain: lucu",Positive
,"pas di telinga, suaranya juga enakk",Positive
,ternyata suaranya kecil bangett gak ngebas sma sekali,Neutral
,"Kualitas Suara: bass bagus
Desain: imutt
Daya Tahan: tahan lama",Positive
,baguss gess worth it dgn harga segitu,Positive
,Kualitas Suara: bagus,Positive
,"Barang aman sampai ke pekanbaru, baguss!!",Positive
,Kualitas Suara: bagus,Positive
,"Barang sangat bagus, kualitasnya sangat bagus",Positive
,paket sudah diterima sesuai pesanan,Negative
,"Berfungsi dengan baik, semoga awet",Positive
,,Positive
,"Kualitas Suara: Mantap
Desain: Simple
Gemeyy",Positive
f*****3,suaranya jerjhb dan ngebas bgt pake ini serasa ga dneger suara apa apa dari luar kwkwkwk,Positive
,"Kualitas Suara: bass kurang
Desain: bagus
Fungsi: berfungsi",Neutral
,Kualitas Suara: menurut aku suaranya kurang  gatau mungkin karna pas dicoba belom di cas atau gimana tapi nanti bakal dicoba lagi abis di cas masih kecil atau engga suaranya,Neutral
_*****a,"Kualitas Suara: jernih
Desain: lucu
Daya Tahan: tahan
bagus pinkyyyy",Positive
t*****a,Kwalitas bagus dan pengiriman cepat semoga awet. Terima kasih,Positive
z*****n,Desain: lucu,Positive
,paten deh satset,Positive
,Barang sesuai pesanan dan cepat sampai thx,Positive
l*****3,"Kualitas Suara: bagus
Desain: bagus
Daya Tahan: bagos",Positive
o*****r,Penilaian ini hanya bertujuan untuk mendapatkan koin. Tapi admin rekomended. Cocok dijadikan menantu idaman.,Positive
b*****f,"Kualitas Suara: oke lah
Desain: kecil mungil gemash",Positive
,"Sudah cinta sama baseus,sudah 3x semuanya oke punya",Positive
,"Overall amannn, bagus. Maap ga sempet poto karna emg udh bagus semuağŸ—¿",Positive
,"Kualitas Suara: oke
Desain: bagus
Daya Tahan: mantap",Positive
,Kualitas Suara: kurang keras pdhl volume level besar,Neutral
,"Kualitas Suara: bagus
Desain: menarik
Fungsi: baguz",Positive
,"Lucuu bangettt, makasii kakğŸ˜ğŸ¥°",Positive
,"Kualitas Suara: Ok
Desain: Simple
Daya Tahan: Ok",Positive
,setelan bawaan baseusnya mnurut aku kureng. untung bisa diatur di apknya. jdi mntullll. lov dehh,Positive
,"bagus lucu imut,masih belum dicoba",Positive
,"Diterima dengan baik, terimakasih seller dan kurir semoga berkah",Positive
,Thank you,Positive
k*****2,"bentuknya kecill, lucuuuuu, semoga awet",Positive
,,Positive
f*****6,"Desain: lucu warna putih
baguss bass nya",Positive
,,Positive
,"sebenarnya bagus tp tutupnya agak longgar gitu, knp yaa?",Neutral
,Mantap,Positive
,Pembelian kedua di ofc store baseus. Alhamdulillah selalu aman dan lengkap,Positive
,Ternyata ukurannya lebih kecil dibandingkan yang tws WM01,Negative
l*****_,,Positive
d*****a,,Positive
,cantikkk! semoga awet yaaa,Positive
,,Positive
,,Positive
,,Positive
,,Positive
,,Positive
,,Positive
,,Positive
,,Positive
,,Positive
,,Positive
,,Positive
,,Positive
,,Positive
,,Positive
,,Positive
,,Positive
,,Positive
,,Positive
,SUPER PUASSğŸ˜µâ€ğŸ’«ğŸ˜µâ€ğŸ’«ğŸ˜µâ€ğŸ’«ğŸ©·ğŸ©·ğŸ©·ğŸ©·,Positive
,,Positive
,,Positive
,,Positive
,,Positive
,,Positive
,,Positive
,,Positive
,,Positive
,,Positive
,,Positive
,,Positive
,,Positive
,,Positive
,,Positive
,,Positive
,,Positive
,,Positive
,,Positive
,,Positive
,,Positive
,,Positive
,,Positive
,,Positive
,,Positive
j*****p,"Daya Tahan: s
Bagus, dan suka banget, nggak nyesel nunggu lama, semoga awet",Positive
r*****.,"Kualitas Suara: kecil suaranya
Desain: Biasa aja",Neutral
,,Positive
,"Baru dateng tadi, suaranya kecil kaya mendem gitu ga enak banget ğŸ˜ğŸ˜ memang begini apa gimana?",Neutral
z*****a,,Positive
,,Positive
,,Positive
,"Kualitas Suara: suara yang bagus
Desain: lucu",Positive
a*****a,mntp,Positive
n*****r,,Positive
t*****2,,Positive
l*****h,,Positive
h*****1,,Positive
y*****k,,Positive
m*****i,,Positive
n*****_,,Positive
r*****a,,Positive
a*****7,,Positive
,"Kualitas Suara: kurang ngebass, suara terlalu kecil",Neutral
c*****6,semuanya lengkap dan aku dpt di harga 90rban wkwkkw thanksğŸ˜­ğŸ˜­ğŸ¤,Positive
,Fungsi dan kualitas bagus,Positive
i*****3,Bagus kecil-kecil gampang disimpan dan suaranya juga bagus,Positive
r*****1,"Kualitas Suara: bagus
Desain: lucuu pink",Positive
,bagusss suaranya semoga awet,Positive
,gada yang buat + - volume yaa?,Neutral
,Kualitas Suara: lumayan jernih,Positive
,barang bagus dan berfungsi,Positive
f*****1,"Kualitas Suara: sangat memuaskan
Desain: lucu",Positive
y*****3,"Kualitas Suara: Bagus
Desain: Menarik
Fungsi: Baik",Positive
,Kualitas Suara: bagus,Positive
j*****h,barang bagus,Positive
,Belum di coba.semoga sesuai awet,Positive
,Pembelian saya ke 3,Negative
,Gemesss amayy,Positive
,Bagus sekali,Positive
,Ok mantap,Positive
,mantap lah,Positive
,Bagus banget lucuu,Positive
,Sangattt memuaskan,Positive
,Blm dibuka .. semoga bagus,Positive
,"Kualitas Suara: oke
Desain: bagus",Positive
,"Kualitas Suara: ok
Desain: mantul",Positive
,Suaranya kecil ga mega bass,Neutral
,Lumayan,Positive
n*****1,"Kualitas Suara: bagus
Desain: kecill lucuu",Positive
,Baguussssss ğŸ˜ğŸ‘,Positive
,mantappp,Positive
,mantap,Positive
,"Kualitas Suara: mantap
Desain: mini",Positive
,"Kualitas Suara: jernih
Desain: lucu",Positive
s*****_,ga usah diragukan lagi ayo buruan beli sekarang,Positive
a*****h,"Kualitas Suara: baguuss
Desain: cantik",Positive
,Kualitas Suara: jernih dan mantapp,Positive
,Fungsi: berfungsi dengan baikk,Positive
,Tnk,Negative
,Kualitas Suara: jernih dan memuaskan,Positive
,Bagusssss,Positive
,Bagus,Positive
,Keren,Positive
,ok,Positive
,Bagusss,Positive
,Bagusss,Positive
,Baguss,Positive
,Baik,Positive
n*****3,"Kualitas Suara: bagus
Desain: bagus
Fungsi: bagus",Positive
b*****_,Kualitas Suara: semua bagus,Positive
,Kualitas Suara: jernih parah,Neutral
,Kualitas Suara: jernihh,Positive
j*****h,"Kualitas Suara: jernih
Desain: bagus
Fungsi: baik",Positive
,,Positive
,tidak bisa tersambung ke hp,Negative
,,Positive
s*****8,,Positive
,,Positive
,,Positive
,,Positive
,,Positive
,,Positive
,,Positive
,,Positive
b*****h,,Positive
,,Positive
,,Positive
,Kualitas Suara: bagus,Positive
,Kualitas Suara: bagus,Positive
,Kualitas Suara: love it,Positive
j*****r,Daya Tahan: tahan lama,Positive
,Kualitas Suara: mantapp,Positive
,"Fitur Terbaik: good
good",Positive
f*****c,sukaa bangettt lucuu,Positive
,"Kualitas Suara: suara bagus
Desain: menarik",Positive
o*****i,"bagus, mama saya suka sekali",Positive
l*****9,Lucu bgttt,Positive
c*****i,"puass, terima kasihh!!",Positive
d*****e,Good,Positive
l*****2,Oke,Positive
d*****e,bagusssss,Positive
n*****7,b aja,Negative
c*****m,b aja,Negative
,,Positive
,,Positive
,,Positive
,,Positive
,,Positive
,,Positive
,,Positive
,,Positive
,,Positive
z*****l,Yg kiri nggak nyala,Neutral
,"Pembelian ke2. Dlu pernah beli dan awet bgt 5 atau 6 tahun gitu ya klo Gasalah. Udh kebanting ratusan kali ges dan udh pernah nyemplung bak mandi juga masih bisa bunyi. Kmren jatoh di toilet umum jdi gue ikhlas aja masukin tong sampah. Udh waktunya pensiun. Jdi beli lagi warnanya pink, soalnya lucu (kmren beli warna ungu anyway)",Positive
a*****i,"Kualitas Suara: keren
Desain: cantik
Daya Tahan: mudah2an lama yaa
Pengiriman cepat bgt. Respon penjul bagus. Barang sesuai  pesanan. Instalasi simpen. Kualitas bagus. Smeoga aja awet",Positive
s*****p,"Kualitas Suara: suara lumayan
Desain: desain lucu kecil
Daya Tahan: lumayan tahan lama
Headset wirelessnya warnanya cantik pink pastel, bentuknya mini, namun sering kalo kesenggol dikit langsung tiba2 opsinya berubah jadi calling padahal tidak kepencet calling, mungkin bisa diubah utk next kalo design headset agar tidak mengganggu penggunaan headset krn kepencet calling terus, dan kalo lagi dengerin lagu dan tiba2 ada telfon itu langsung keras banget suara nada dering telfonnya dan itu sangat mengganggu",Neutral
r*****a,"Utk daily use udah cocok banget. Ini udah pembelian ke-3 sejak brand ini ada. Beli bukan karena rusak, tapi hilang sebelah hahaha",Positive
,"Kualitas Suara: jernih
Desain: compact
Daya Tahan: gatau blm dipake lama
Bentuknya lucu kaya ricecooker philips ğŸ˜ğŸ˜",Positive
,"Kualitas Suara: bass banget
Desain: keren
Daya Tahan: long
Barang sudah terbukti bagus dan keren",Positive
,"Kualitas Suara: suaranya alus bangeeet
Desain: desain nya juga mungil, cocok dibawa kemana-mana
Daya Tahan: tahan lama banget baterai nya! cius deh
Sebelumnya aku masih bingung mau beli tws merk apa kan, sering muncul lah nih tws baseus bowie wm01, awalnya masih ragu-ragu, tapi liat kualitas dan ketahanannya bikin aku pengen beli. Akhirnya aku nabung, kesampean deh beli tws ini, bingung mau yang warna apa, akhirnya beli yang warna putih, biar masuk ke case manapun. Pas dateng excited bangeeet, alhamdulillah gak ada minus sama sekali dan cocok banget buat telinga yang kecil, karena dapet karet nya dari terkecil sampe besar. Aku pake terus menerus gak habis-habis ini baterai nyaaaaa, awet banget huhu, gak nyesel udah pilih tws baseus bowie wm01 iniii, kalian harus punya sih. Semoga awet terusssss, makasih banyak buat baseus!",Positive
r*****a,"Kualitas Suara: bassnya agak kurang, klo digedein baru denger
Desain: keren
Daya Tahan: tahan lama tp gatau kenapa ko lampunya merah pdhl uda dicas
alhamdulillah sudah datang & bisa kepake dua2nya, cuma ya itu masih bingung ko warnanya merah, mungkin karena blom baca keseluruhan buku panduannya.",Neutral
r*****a,"Kualitas Suara: sangat jelas dan bagus
Desain: kecil dan lucu
Daya Tahan: tahan lama
cpt bgt sampenya dan lucu kecil"" gtu",Positive
t*****l,"Kualitas Suara: jernih bagus sih
Desain: lucu pol kicil
Daya Tahan: awet banget gila 1mg juga bisa. tergantung pemakaian juga si",Positive
,"Kualitas Suara: mantap
Desain: lumayan
Daya Tahan: lumayan
Keren enak noise nya kerasa, basnya kerasa, clear sound pokoknya gokilğŸ”¥ğŸ¤˜ğŸ»",Positive
s*****w,"Kualitas Suara: jernih
Desain: menarik
Daya Tahan: tahan lama
Barang ori, berfungsi dgn baik, pengiriman cpt, packing aman, warna putih tulang, udh ada kabel chargernya. Dannn ternyata pas dpt bonus case TWS nyaa. Thankyouuuu suka sekalii",Positive
,"Kualitas Suara: jernih dan ngebas
Udah aku coba buat telpon suaranya jelas kok, buat dengerin musik enk bgt ngebassnya oke. pdhl ga bisa bedain tadinya soalnya sering pake yg murah ternyata kualitasnya beda. Dpt bonus stiker lucu jugaa",Positive
l*****i,"Kualitas Suara: jernih, bass juga aman
Desain: minimalis tp modern
Daya Tahan: baterai tahan lama
noise cancelling nya bagus",Positive
,"Kualitas Suara: mantap
Desain: luar biasa
Daya Tahan: sangat tahan
mantap",Positive
y*****i,"Kualitas Suara: mantap
Desain: menarik
Daya Tahan: tahan lama
pembelianku yg kedua pertama beli warna hitamnya tapi d ambil suami terpaksa beli ke dua warna pink biar gak ada yg ambil lagi ğŸ¤£ğŸ©·",Positive
,"Kualitas Suara: ok
Desain: meh
Kesalahan sendiri sih kurang liat review untuk yang model ini. Dikirain pilih white dengan ekspektasi bone white, tapi ternyata creamy white",Neutral
,"Kualitas Suara: suaranya bagusss bgt
Desain: gemess lucu warnanyaa
Daya Tahan: batrenya tahan lama bangett awett ku pake dri pagi sampai sore",Positive
t*****a,"Kualitas Suara: mantap, jernih, bass bagus
Desain: imut dan lucu
Daya Tahan: tahan lama banget, beli lagi karena yang lama hilang ğŸ˜­ğŸ˜­ğŸ˜­",Positive
a*****d,"Kualitas Suara: bassnya mantap, suara jernih, noise canceler nya gege
Desain: unik
Daya Tahan: belum tau semoga awet",Positive
1*****a,"Kualitas Suara: overall good
Desain: cool, no defect
Daya Tahan: i don't know, i haven't tried it for a long time",Positive
k*****a,Barang aman dan sesuai. Packaging dengan bubbles wrap yg tebel. Baseus emang bagus kokk terima kasih yaağŸ™ğŸ»,Positive
f*****1,"Bagus warnanya suka Cuman gak cocok deh di telingaku, harusnya beli yg series lain huhu tapi udah telanjur",Neutral
f*****9,"Kualitas Suara: mantap dan jernih
Desain: terlihat keren dan modern
Daya Tahan: tahan lama dan sangat handal",Positive
x*****a,"Kualitas Suara: bass terdengar cukup okee
Desain: lucu dan menarik
Daya Tahan: tahan lama dan sangat handal",Positive
,"Gemesss bgt pink pink gitu, barang baru sampai. Semoga tidak ada kendala apa2 selanjutnya. Terimakasih",Positive
,"Kualitas Suara: suara jernihh
Desain: desainnya oke dan warna pinknya lucu banget",Positive
,"Kualitas Suara: suara jernih ga pecah
Desain: lucu gemas
Daya Tahan: di charge sebentar tahan seharian",Positive
d*****0,produk seusai dengan yang di pesan saat sampai dan pengirimannya juga oke pas tidak terlalu lama,Positive
u*****7,"Kualitas Suara: jernih, halus
Desain: lucu
Daya Tahan: Mudah2an tahan lama
Semoga awet, aamin ğŸ¤²",Positive
,udah 3x repurchase hehe. selalu suka sama model ini. tahan lama. baterai gk rewel. gk sember,Positive
h*****w,"Kualitas Suara: good
Desain: good
Daya Tahan: good
Pokoknya good dah. Mantapppppppppp sekalih",Positive
,"Kualitas Suara: sangat memuaskan
Desain: imut dan kualitas baik
Daya Tahan: batrey tahan lama",Positive
f*****h,"setelah dateng langsung di cess dulu,, baru dipake, kecil banget ternyta, lucu imut",Positive
r*****2,"Kualitas Suara: bagus
Desain: elegan
Daya Tahan: blm tau,semoga bisa lebih tahan lama",Positive
,"Desain: compact kecilll
baguss,lucuu bentuknyaaa
semoga awet dehhhh heheheheh",Positive
f*****a,"Baru sampe nihh, belum sempat dicoba semoga sesuai yaa. Gak sabar nyoba hihi",Positive
s*****w,aman sampai tempat tujuan dan packaging sangat amat melindungi produknya,Positive
s*****6,"Kualitas Suara: baguss
Desain: baguss
Daya Tahan: lamaaaaa batrenya aweeet bgt
Foto barang yg aku review ga sesuai karna udah aku kasih buat hadiah temen aku, tapi temen aku bilang berfungsi dengan baik.. dan sempet kerendem di mesin cuci tapi masih nyala wkkwkwkk..

Makasiii",Positive
,"Kualitas Suara: bagus
Desain: imut
Daya Tahan: gatau
sekali dipake langsng immersive gitu suaranya, pengirimannya cepet banget",Positive
,"Kualitas Suara: bagus, jernih dan ngebass
Desain: lucu warnanya dan simple
Daya Tahan: tahan lamaa, dan charging cepat
Luar biasa pembelian ketiga di baseus, ngk mengecewakan karena design simple, warna beragam, daya tahan 1 earbuds bisa 12 jam, charge earbuds di kotaknya sekitar 20-30 menit udah langsung penuh, dan untuk charge tempatnya butuh waktu 1 jam aja dengan charger 20watt. Usahakan jangan melebihi daya, takutnya bocor batre tempat dan earbudsnya...",Positive
,"Kualitas Suara: belom dicoba
Desain: simpel
Daya Tahan: belom tau",Neutral
,"Kualitas Suara: sangat jernih dan bagus
Desain: lucu dan menarik
Daya Tahan: tahan lama dan handal",Positive
r*****0,"Kualitas Suara: bass terdengar dengan oke
Desain: sederhana
Daya Tahan: semoga awet
barangnya bagus gak sakit ditelinga semoga awet",Positive
f*****i,"Kualitas Suara: bagus
Desain: keren dan modern
Daya Tahan: semoga aja tahan lama",Positive
,"Kualitas Suara: ok
Desain: bagus
Daya Tahan: tahan lama
Pakek bertahun2 baru rusak. Lalu ini beli lagi baru. Produk dan seri yg aama",Positive
,"Kualitas Suara: awesome
Desain: fantastic
Daya Tahan: long time
wort it",Positive
b*****6,"Kualitas Suara: harus biar bisa oke tapi lumayan ngeredam suara dari luar
Desain: lucu",Positive
m*****i,"Alhamdulillah sudah sampai dengan aman dan berfungsi dgn baik, makasih ğŸ™",Positive
g*****p,"Kualitas Suara: kurang nyaman
Desain: cakep
Daya Tahan: hemat batre
bagus dan murah, gaperlu sering di cas,oke sih",Neutral
,"Kualitas Suara: oke
Desain: lucu
Daya Tahan: sip mantep",Positive
a*****t,"Kualitas Suara: bagus
Desain: elegan
Daya Tahan: lama cas 2 hari
Bagus banget ga nyesell batrai nya ga boros",Positive
a*****6,"Kualitas Suara: belum nyobain, semoga sangat memuaskan
Desain: menarik dan modern
Daya Tahan: tahan lama dan sangat bagus",Positive
n*****_,"Kualitas Suara: enak
Desain: sederhana
Daya Tahan: awet
Sesuai pesanan
Bass nya aga kurang. Tapi tetap oke
Baterainya awett pol. Padahal dipake tiap hari",Positive
m*****a,"Selalu puas jajan di official Baseus
Dan seneng aja sama semua produk nya
Kualitas oke punya
Pengiriman pun satset banget",Positive
,"Kualitas Suara: bagus banget sumpah
Desain: lucu, aku suka pinknya soft dan ga norak
Daya Tahan: ini pertama kalinya aku beli baseus, semoga awetğŸ«¶ğŸ»
Udah lah weh dari pada beli Airpods KW, mending ini aja! Gak jauh beda kualitasnya, lebih ringan juga di pake dan ga bikin pusing! Buru CO!",Positive
,"Kualitas Suara: bagus
Desain: simple
Daya Tahan: bagus kuat,tahan lama
kedua kalinya beli baseus,emang bagus banget,yang sebelumnya juga masi berfungsi dngn baik.Trus trnyta yg ini dpet cadangan yg silikon itu ğŸ‘ğŸ»ğŸ‘ğŸ»",Positive
h*****i,"Kualitas Suara: bass memuaskan
Desain: terlihat keren dan modern
Daya Tahan: tahan lama
Real pic sesuai gambar, nyaman di telinga, bass nya oke. Ketahanan batre belum tau, tapi udah dua jam pake masih oke.",Positive
e*****i,"Bagus sih suaranya jernih, tapi kurang ngebas aja, tapi oke sih, thanks",Positive
,"Kualitas Suara: bagus
Desain: bagus
Daya Tahan: tahan lama",Positive
k*****_,"Bagus banget datangnya cepat, toko amanah, semoga kualitas tetap terjaga",Positive
,"Kualitas Suara: Suaraâ€™a bagus
Desain: Lucu n Unik, warnaâ€™a pinky
Daya Tahan: Fisrt Time beli
Semoga awet trus ya ka, best deh pokokâ€™a. Makasih Sista ğŸ™ğŸ»",Positive
,"beli yg ke 3x nya,bukannya karna rusak tp ilang huhuğŸ˜­ biasanya aku beli yg bowie wm 01 tutup transparan, tp ini juga enakk buangettt ngebass polllğŸ˜˜ğŸ«°",Positive
s*****3,"Kualitas Suara: ok
Desain: ok
Daya Tahan: belum di coba
Semoga awet sangat bangus suka sama warnanya pink is cute banget makasih seller",Positive
,"Kualitas Suara: Bagus
Desain: Kerenn
Daya Tahan: Mantap!
semoga awet, sukak! Terima kasih â¤ï¸âœ¨",Positive
g*****6,"Kualitas Suara: bagus dan jernih
Desain: simple menarik
Daya Tahan: seharian
Bass sangat oke",Positive
m*****a,"Kualitas Suara: JERNIH BGT KENCENG SUKAK
Desain: LUCU GEMAS YAAMPUN!!!!!!
Daya Tahan: semoga tahan lama
pengen banget dari lama akhirnya kesampaian, thank u baseus!!!!",Positive
,"Keren sekaliiğŸ˜ğŸ˜ğŸ˜ suaranya jernih, bassnya enak, packaging aman dan selamat sampai tujuann, kurir ramah dan pengantaran sangat cepat. Terima kasihhğŸ¥°ğŸ™ğŸ½.",Positive
,"Kualitas Suara: bass terdengar bagus
Desain: menarik
Daya Tahan: tahan lama sama handal",Positive
,"Kualitas Suara: jernih dan ngebass
Desain: imut, nyaman dikantong
Daya Tahan: oke,, baterai tahan lama
Baguusss,, sesuai ekspetasi",Positive
,"Kualitas Suara: bass nya mantab
Desain: bagus banget lucuu warnanya
Daya Tahan: tahan lamaa bnget sesuai",Positive
d*****t,"Kualitas Suara: bagus, bisa diatur dari app nya
Desain: lucuu",Positive
,"Kualitas Suara: bagus bas nya
Desain: mungil pas di bawa
Daya Tahan: taham lama batrainya
bagus banget bass nya kerasa banget bentuknya pas untuk di bawa kemana mana aku pakein case supaya awet tidak mudah rusak nest order lagi",Positive
,"Akhirnya sampaii ğŸ¥³ğŸ¥³
Nunggu cuman 1 hari dari yang tadinya estimaai nya 2/3 hari. Pengiriman aman, cepat, bekerja dengan baik dan dipakai ngecas WM01 yang lama saya punya
Headset Favorite deh pokok nyaaa âœ¨âœ¨",Positive
u*****o,Barang mendarat dengan selamat. Packingnya super aman. Pengiriman juga cepat. Barang lengkap sesuai pesanan. Makasii:),Positive
d*****i,"Kualitas Suara: gacor banget
Desain: kicik, ga menuhin tempat klo di tas kecil
Daya Tahan: awet puoll jir
akhirnya kebeli si mini gacor ini
kena racun dari temen jadi pengenn
mana ada stikernya comel comell ğŸ˜",Positive
,"Kualitas Suara: maa syaa Allah suara jernih banget mantap
Desain: imut dan lucu
Daya Tahan: Semoga awet barangnya ,,,soalnya rekomendasi teman katanya bagus ,,,,
Seller nya fast respon saat pertama kali ada kendala ,,,teman"" bisa beli disini rekom sih liat dari respon penjual",Positive
d*****a,"Kualitas Suara: Basss
Desain: Imut kecil
Daya Tahan: Br coba br dtg
Utk harga nilai nya 9.5 dgn kualitas oke . Mantappppppp beli deh hahaha bismillah semoga aweet di aku bisa tahunan ..",Positive
r*****m,"Desain: bagus. sesuai dengan pesanan
Daya Tahan: bahan solid semoga awet",Positive
d*****9,"Kualitas Suara: Jernih
Desain: Menarik
Daya Tahan: Tahan lamanyooo
Se awet itu batrenyaaa, udah seminggu lebih pake baru di cas lagi. Bass nya juga oke bangettt buat yang introvert wajib punya sih biar ga gampang ke distract",Positive
o*****u,"Kualitas Suara: bagus
Desain: simpel
Daya Tahan: tahan lama
Beli kedua kalinya..
Suka dengan kualitas barangnya..",Positive
h*****p,"Kualitas Suara: jernih
Desain: bagus , modern
Daya Tahan: tahan dan handal
Good",Positive
k*****_,"Kualitas Suara: suara clear
Desain: pas di telinga, pemakaian lama tp gabkin sakit
Daya Tahan: tergantung pemakaian
biasa beli under 100, sekali nyoba beli yg rada mahal langsung kek ""anjay clear cuy"". ada harga ada kualitas yaa ges. beli ini krna rekom dari temen, semoga awet dehh
tinggal nyari case nya doang iniii wkwk
btw cepet bgt pengiriman nya, besoknya langsung sampe",Positive
r*****9,"Kualitas Suara: Belum dicoba
Desain: Simple dan lucu
Daya Tahan: Belum dicoba
Semoga berfungsi baik, baru coba beli untuk hadiah doorprize. Seller fast respon dan ramah. Pengiriman cepat sampai dan kemasan sangat baik",Positive
,"Kualitas Suara: suaranya jernih
Desain: menarik dan cantik
Daya Tahan: belum dicoba",Positive
r*****i,"Kualitas Suara: memiliki suara yang jernih
Desain: minimalis dan elegan
Daya Tahan: belum di coba, semoga bertahan lama",Positive
r*****i,"Ya allah super cuteeeee ğŸ˜
Miniiii mini lucuuu
Sukaaa
Belom di cobain, baru di cass",Positive
s*****a,"Kualitas Suara: Standar
Desain: menarik
Daya Tahan: belum di coba
packaging rapi pengiriman cepat harga murah",Positive
l*****0,"Kualitas Suara: bgus
Desain: lucu
Daya Tahan: blm dicoba sih",Positive
,"Kualitas Suara: biasa aja kurang bass
Desain: lucu dapat sticker juga
Daya Tahan: yoo ndak tauu",Positive
,"Kualitas Suara: mantap
Desain: lucu
Daya Tahan: bagus banget
ini pembelian ke 2 kali batrenya tahan lama dan awet",Positive
,"Kualitas Suara: sangat memuaskan
Desain: lucu menarik, minimalis
Daya Tahan: tahan lama dipakai satu harian
Kualitas nya sangat baik",Positive
,"Kualitas Suara: oke
Desain: cantik dan simple
Daya Tahan: tahan lama
Kondisi barangnya bagus. Warnanya juga cantik.",Positive
,"Kualitas Suara: putus putus
Desain: lucu
Daya Tahan: lama",Positive
,"Kualitas Suara: orii
Desain: simpel elegan
Daya Tahan: tahan lama
baseus termantap kondisi aman packing rapi dan cukup kedap",Positive
l*****6,"Kualitas Suara: Bagus
Desain: menarik
Daya Tahan: tahan lama",Positive
n*****h,"Kualitas Suara: jernihhh
Desain: lucuuu
semoga awet yaaa, karena baru coba belii",Positive
r*****2,"Kualitas Suara: jernih
Desain: lucu banget warna pink
Daya Tahan: betrainya juga awet banget seharian
Tinggal di tambahin case langsung jadi gemesğŸ¥°",Positive
a*****i,"Packingnya rapi , Pengiriman Cepat , Kurirnya ramah ğŸ‘ğŸ‘

Produk Real Pict , Blom dicoba , tapi semoga memuaskan ğŸ™ğŸ™",Positive
,"Kualitas Suara: Mantap gda minus
Desain: Imud
Daya Tahan: Ini gatau blm cek.",Neutral
,"Fitur Terbaik: minimalis
Sepadan dengan Harga: cocok sekali
Model bagus dan sesuai dengan pesanan warna juga bagus",Positive
d*****a,"Kualitas Suara: mantap banget
Desain: keren minimalis
Daya Tahan: mungkin tahan ya
Udah beli yang kedua",Positive
,"Kualitas Suara: blm dicoba
Desain: menarik dgn detail yg apik
Daya Tahan: semoga awet",Positive
n*****a,"Kualitas Suara: Suara jernih
Desain: Enak dilihat
Fungsi: Berfungsi dengan baik
Suara bisa diatur lewat aplikasi dan bisa dilacak, ini mempermudah konsumen yang pelupa dan yang awalnya kurang nyaman dengan suara tws satu ini. Di tambah dengan baterainya yang awet bisa buat musikan berjam-jam. Meskipun begitu, bagi saya memang tws ini kurang nyaman dalam telinga saya sendiri (memang ini masalah pribadi dan tidak ada hubungannya dengan tws). Memang suaranya cukup jernih dan dunia luar tidak terdengar dengan baik disarankan buat kamu yang memang tidak ingin mendengar bisingnya dunia luar, tapi sempat ada beberapa kali saya seperti mendengar suara dari luar, sepertinya ini tersambung dengan kurang enaknya pemakaian produk ini di telinga saya. Sejauh pemakaian produk ini tidak ada masalah fungsionalnya, yang sedikit sayang hanyalah ketidak nyamanan pribadi.",Neutral
,"Kualitas Suara: bagis
Desain: cantik
Daya Tahan: semoga lama d pakenya
Barang sempat dilempar sama kurirnya..
Untung produknya aman..
Tidak rusak..
Seller memberikan informasi produk dengan baik",Positive
r*****7,"Kualitas Suara: bass bagus
Desain: menarik
Daya Tahan: tahan lama
Pengiriman cepat sesuai pengirman cepat sesuai bening bagus warna nya mantab betul pokonya bas nya keren bisa konek ke hp kalo lupa naro buat tlpn suara nya jernih keren",Positive
,"Kualitas Suara: mantap dan jernih
Desain: menarik dg design yg apik
Daya Tahan: semoga awet
Seller fast respon",Positive
i*****j,"Kualitas Suara: jernih
Desain: lucu dan menarik
Daya Tahan: tahan lama
Earphone lucu, warnanya menarik, mudah di pairing sm smartphone, daper kabel chargernya jg am tambahan karet, kecil jd mudah dibawa2.",Positive
,"Kualitas Suara: jernih
Desain: imut
Daya Tahan: tahan lama
Ke 3 kali nya beli produk baseus msh awet sampe sekarang semoga yg ini awet juga..
Sesuka itu sm kwalitas nya..",Positive
s*****o,"Kualitas Suara: suara jerih dan kedap
Desain: desain simple dan mungil
Daya Tahan: baterai awet",Positive
k*****i,"Produk sesuai dengan pesanan, kualitas produk juga baik, packing juga aman, kecepatan pengiriman juga baik.. terima kasih banyak.. ğŸ™ğŸ»",Positive
m*****l,cocok buat hadiah.  warnanya pink.. lucu banget.. bagus.. sudah punya 2 set wkwkwk,Positive
,"Kualitas Suara: memuaskan
Desain: imut
Daya Tahan: baterai tahan lama
imut",Positive
,"Kualitas Suara: agak kecil but still okey
Desain: bagus
Daya Tahan: semoga tahan lama",Positive
t*****9,"Terimakasih Baseus pesanan saya sudah sampai, beli hari itu malam nya langsung dikirim besok nya sudah sampai, packing aman. Udah dicoba overall sejauh ini aman2 aja, walaupun ada kebingungan pas mau charger nya katanya mesti di charger min 1,5 jam tapi ini udah full baru berapa menit lampu case putih nya udah ga berkedip, kalau untuk connect bluetooth & aplikasi nya mudah ko.",Positive
w*****i,"Kualitas Suara: jernih
Desain: bagus
Fungsi: berfungsi
Alhamdulillah TWS baseus bowieku sudah sampai,berfungsi dengan baik, warna sesuai ekspektasi, sukaaaaaaa.",Positive
m*****2,"cepet banget sampenya di kalsel, extra packaging jadi sampe dengan aman. makasihhhhh",Positive
,"Aman dan bagus kok, cuma gak biasa pake model earphone kaya gini jadi agak aneh aja di kuping haha",Positive
s*****a,"udah 2 kali belii emang baguss, awet, batrainya juga awet, kualitas suara okee",Positive
,"Kualitas Suara: lumayann
Desain: bagus
Fungsi: baguss
dua2nya berfungsi dengan baik, sukaa! otw beli casing biar ga mudah rusak kalo jatuh hehe",Positive
,"Padahal ordernya warna pink, tapi yang datang malah warna putih :( tapi yaudah lah yaa, males juga ngurus tukar barang. 

Untuk kualitas suara, jujur biasa aja, gak yang wow, tapi gak jelek juga, cukup lah kalo cuma buat dengerin biasa dan saat2 tertentu kalo lagi males bawa headphone atau pake wired earphone.",Positive
,"Kualitas Suara: jernih
Desain: lucu gemes
Fungsi: bekerja dengan baik
Kalo buat nelfon masih oke aja, cuma kurang jelas. So far oke kok",Positive
g*****n,"Kualitas Suara: enak banget
Desain: kecil lucu
Fungsi: baik
overall bagus sii cuman aku gadapet 3 ear muff nyaa",Positive
,"Kualitas produk oke ga ada cacat, manual book membantu, untuk suara lumayan jernih sesuai harga thank you seller",Positive
,"Desain: bagus
Desainnya bagus pas di telinga, suara lumayan jernih tetapi tidak yang terlalu keras walaupun sudah full",Positive
,"Kualitas Suara: oke mantap
Desain: mantul
Minus sara saat nelpon, suara kita yang diterima lawan bicara kecil",Positive
,"Kualitas Suara: jernih dan baik
Desain: bagus sangat minimalis dan mudah di bawa
Fungsi: berfungsi dengan baik tanpa cacat sedikitpun",Positive
,"Kualitas Suara: jernih
Desain: imut
Fungsi: mendengarkan musik
Suara nya jernih , dan semoga batre nya kuat tahan lama, makasih ya kaaa",Positive
h*****a,"Kualitas Suara: baguss
Desain: imuttt
Daya Tahan: BATRE AWET BGT
Ini pembelian ke 2 karena hilang se case case nya, semoga ga hilang lagiii yaaa. Beli lagi karena se suka itu, suaranya ngebass, ga bikin sakit kuping dan batre nya awet bgttt
Tapi tadi pas dateng segel selotip bening di box aga ngeletek, semoga ga abis kenapa kenapa yaaa hehehe",Positive
,"Kualitas Suara: yaaa okelah buat main pubg masih oke bgt
Desain: kicil bgt wkwkwk
Daya Tahan: tahan kok 5 jam
nyambungin nya bisa pake bluetooth biasa, cuma kalo emang mau atur suara nya biar agak enak, emang hrs download aplikasi baseusğŸ˜Š overall oke",Positive
n*****.,"Sekian kalinya pakai headset baseus ini,
Suaranya jernih dan ngebass,
Desainnya menarik dengan berbagai warna
Kali ini aku order yang black biar ga cepat kotor
Daya tahan pakainya cukup lama dan awet",Positive
,"Kualitas Suara: jernih dan memuaskan
Desain: lucu, menarik, simple
Daya Tahan: tahan lama
Paket sudah tiba dgn aman. Bentuknya yg kecil jadi mudah dibawa kemana saja. Suka pokoknya
Thank you",Positive
,"Kualitas Suara: memiliki suara yang jernih
Desain: boleh juga
Daya Tahan: tahan
bagus sebenernya. tp kek budeg bgt karna ga dapet udara dr luar. tp bagus kok semuanya trimakasih",Positive
,"Kualitas Suara: suara jernih bagus juga
Desain: lucu free sticker juga
Daya Tahan: daya tahannya semoga awet aja deh
Pengiriman sesuai estimasi",Positive
a*****0,"Kualitas Suara: jernih dan jelas
Desain: kecil banget jadi bakal muat di tas yg kecil
Daya Tahan: semoga tahan lama
Semoga awet dan garansi benar bisa dipakai",Positive
z*****y,"Produk: Kualitas buruk
yang kiri bisa nyala, tapi yang kanan beneran nggak bisa connected. kalau kayak gini ada jaminan tuker/garansi nggak ya? jujur kecewa",Neutral
,"Kualitas Suara: jernih
Desain: keren
Daya Tahan: sangat handal",Positive
v*****a,Lucu banget.. dan tahan air.. karena sering beli merk ini juga..,Positive
s*****y,"cakep banget plss, beli ini karena direkomendasi temen, bas nya cakep jugağŸ«°ğŸ»ğŸ«°ğŸ»ğŸ«°ğŸ» thanks min.",Positive
s*****1,"Kualitas Suara: lumayan jernih
Daya Tahan: kurang tahan lama
Kualitas: sangat bagus
suaranya jernih kalau tws nya agak diteken masuk ke telinga dan daya tahan lumayan tahan lama",Positive
,"Kualitas Suara: bagus
Daya Tahan: ya
Kualitas: jernih
mantap keren mudah dibawa buaf traveling kecil dan ga bikin sakit telinga",Positive
,"Kualitas Suara: lumayan sesuai harga
Daya Tahan: mudahÂ²an tahan lama
Kualitas: baik
Barang bagus cuma kurir nya bikin dongkol",Positive
,"Kualitas Suara: suaranya ngebass abis suka
Daya Tahan: tahan lama juga jd ga ngecas mulu
Kualitas: bagus banget",Positive
s*****d,,Positive
h*****2,,Positive
a*****_,pesen pink dikirim putih,Negative
r*****3,bass nya kurang berasa,Neutral
,Bagus aku suka,Positive
,,Positive
w*****i,gemashğŸ’,Positive
,Kualitas Suara: pelan,Positive
,Kualitas Suara: bagus,Positive
t*****7,,Positive
l*****a,"Kualitas Suara: baguss
Desain: imoet lutcuuu",Positive
,build quality kurang dibanding merk sebelah,Neutral
,blm dicoba masi di tas,Negative
s*****a,lucuu suka barangnya,Positive
,"Comel
Suara jernih",Positive
,,Positive
,Lucuu gemess,Positive
,,Positive
,,Positive
,,Positive
h*****a,,Positive
,,Positive
,,Positive
,,Positive
,,Positive
,,Positive
,,Positive
,Baguss,Positive
,Kualitas Suara: suara jernih dan desain bagus,Positive
,,Positive
,,Positive
,,Positive
,,Positive
,,Positive
,"Kualitas Suara: cukup oke
Desain: menarik",Positive
d*****t,"smoga awet, thanks",Positive
,,Positive
,,Positive
,,Positive
,Mantaapp,Positive
m*****a,,Positive
,,Positive
a*****4,,Positive
i*****3,Warnanya salaaaaah ğŸ™ƒ,Positive
m*****3,,Positive
,,Positive
,,Positive
,"pengiriman cepat, packing rapi, kurir ramah",Positive
,Kualitas Suara: k,Positive
,Nice,Positive
,,Positive
t*****a,,Positive
a*****s,,Positive
,,Positive
,,Positive
,,Positive
_*****a,,Positive
,,Positive
d*****i,,Positive
a*****a,,Positive
r*****l,,Positive
p*****a,,Positive
i*****f,,Positive
,"Kualitas Suara: bagus ngebass
Desain: cantik",Positive
m*****o,,Positive
,,Positive
,,Positive
,Kualitas Suara: bagus,Positive
,,Positive
k*****i,,Positive
,,Positive
,,Positive
,,Positive
p*****n,,Positive
,,Positive
,,Positive
r*****a,,Positive
,,Positive
,,Positive
m*****2,,Positive
,,Positive
m*****a,,Positive
,,Positive
r*****7,,Positive
,,Positive
f*****a,,Positive
h*****4,,Positive
,,Positive
,,Positive
,,Positive
r*****3,,Positive
,,Positive
,,Positive
d*****2,,Positive
,,Positive
,,Positive
v*****r,,Positive
,,Positive
i*****4,,Positive
g*****y,,Positive
,,Positive
,,Positive
,,Positive
,,Positive
,,Positive
a*****1,,Positive
,,Positive
,,Positive
,,Positive
l*****a,,Positive
a*****i,,Positive
,,Positive
,,Positive
o*****n,,Positive
,,Positive
,,Positive
i*****i,,Positive
,,Positive
i*****0,,Positive
y*****d,,Positive
,,Positive
,,Positive
,,Positive
,,Positive
,,Positive
f*****c,,Positive
v*****2,,Positive
,,Positive
a*****f,,Positive
,,Positive
,,Positive
m*****_,,Positive
,,Positive
,,Positive
f*****l,,Positive
,,Positive
,,Positive
a*****t,,Positive
,,Positive
g*****i,,Positive
,,Positive
,,Positive
,,Positive
,,Positive
b*****m,,Positive
j*****h,,Positive
,,Positive
,,Positive
,,Positive
,,Positive
,,Positive
,,Positive
,,Positive
s*****n,,Positive
,,Positive
,,Positive
,,Positive
,,Positive
o*****t,,Positive
,,Positive
,,Positive
m*****h,,Positive
,,Positive
n*****4,,Positive
,,Positive
,,Positive
t*****i,,Positive
p*****n,,Positive
,,Positive
,,Positive
,,Positive
,,Positive
,,Positive
f*****c,,Positive
v*****2,,Positive
,,Positive
a*****f,,Positive
,,Positive
,,Positive
m*****_,,Positive
,,Positive
,,Positive
,,Positive
,,Positive
l*****n,,Positive
,,Positive
,,Positive
,,Positive
,,Positive
z*****a,,Positive
f*****1,,Positive
s*****a,,Positive
,,Positive
a*****a,,Positive
,,Positive
p*****8,,Positive
j*****2,,Positive
b*****n,,Positive
